3,4,1,1,0.6576576577,0.25,1,0.8,0,0.5714285714,0.4076539101,1
7,4,1,3,0.6576576577,0.25,0.9336609337,0,1,1,0.6613976705,0.5
2,1,0,0,0.8828828829,0,0.8108108108,0.8,0,0.5714285714,0.7121464226,0.3333333333
4,2,1,1,0.4324324324,0.25,1,0.8,0,0.5714285714,0.4109816972,0.5
2,1,0,2,0.4594594595,1,0.9336609337,0.8,0,0.5714285714,0.649750416,0.75
5,2,1,3,0.4774774775,1,0.9336609337,0.8,0,0.5714285714,0.6946755408,0.5
3,4,1,4,0.6126126126,0.25,1,0.8,0,0.5714285714,0.4234608985,0.5
4,2,0,0,0.3963963964,0,0.9336609337,0.8,0,0.5714285714,0.4134775374,0.5
4,2,0,2,0.3693693694,1,0.9336609337,0.8,0,0.5714285714,0.8752079867,0.3333333333
4,2,0,1,0.3963963964,1,0.9336609337,0.8,0,0.5714285714,0.4159733777,0.75
5,2,1,0,0.5495495495,0,0.9336609337,0.8,0,0.5714285714,0.4584026622,1
4,2,0,2,0.3693693694,1,0.9336609337,0.8,0,0.5714285714,0.4351081531,1
5,2,1,3,0.4864864865,0.25,0.9336609337,0,0,0,0.6996672213,1
4,2,0,0,0.8918918919,0,0.8108108108,0.8,0,0.5714285714,0.6747088186,0.3333333333
5,2,1,3,0.3603603604,1,0.9336609337,0.8,0,0.5714285714,0.4134775374,1
5,2,1,1,0.4864864865,0.25,0.9336609337,0,0,0,0.7587354409,0.3333333333
2,1,0,3,0.5945945946,0.25,0.9336609337,0,0,0,0.7046589018,0.3333333333
4,2,0,0,0.4414414414,0,0.9336609337,0.6,0,0.4285714286,0.622296173,0.5
3,4,1,3,0.7387387387,0.625,0.9336609337,0,0,0,0.8136439268,0.5
4,2,0,0,0.5135135135,0,0.9336609337,0.8,0,0.5714285714,0.6655574043,0.3333333333
7,4,1,1,0.6396396396,0.25,0.9336609337,0,1,1,0.6589018303,0.3333333333
4,2,0,0,0.5135135135,0,0.9336609337,0.8,0,0.5714285714,0.465890183,1
2,1,0,0,0.9279279279,0,0.8108108108,0.8,0,0.5714285714,0.4400998336,1
1,3,0,2,0.4234234234,1,0.8108108108,0.8,0,0.5714285714,0.4051580699,1
5,2,1,3,0.2972972973,1,0.9336609337,0.8,0,0.5714285714,0.4467554077,1
7,4,1,3,0.7117117117,1,0.9336609337,1,0,0.7142857143,0.5757071547,1
4,2,0,2,0.3693693694,1,0.9336609337,0.8,0,0.5714285714,0.7845257903,0.75
1,3,0,0,0.4054054054,0,0.9336609337,0.8,0,0.5714285714,0.4159733777,1
4,2,0,0,0.3963963964,0,0.9336609337,0.8,0,0.5714285714,0.7096505824,0.5
4,2,0,3,0.4234234234,0.25,0.9336609337,1,0,0.7142857143,0.612312812,0.3333333333
2,1,0,2,0.4594594595,1,0.9336609337,0.8,0,0.5714285714,0.4409317804,0.5
7,4,1,3,0.7117117117,1,0.9336609337,1,0,0.7142857143,0.6347753744,0.5
4,2,0,2,0.6846846847,1,0.8108108108,0.8,0,0.5714285714,0.7354409318,0.3333333333
1,3,0,0,0.6306306306,0,0.8108108108,0.8,0,0.5714285714,0.8485856905,0.3333333333
5,2,1,0,0.5945945946,0,0.9336609337,0.8,0,0.5714285714,0.4575707155,1
7,4,1,3,0.6576576577,0.625,0.9336609337,1,0,0.7142857143,0.384359401,0.5
3,4,1,3,0.6306306306,0.625,1,0.8,0,0.5714285714,0.6239600666,1
4,2,0,0,0.8108108108,0,0.8108108108,0.8,0,0.5714285714,0.768718802,0.75
2,1,0,2,0.963963964,0.375,0.8108108108,0.8,0,0.5714285714,0.7445923461,0.75
2,1,0,4,0.4864864865,0.375,0.9336609337,0.8,0,0.5714285714,0.4168053245,1
4,2,1,3,0.4324324324,0.625,1,0.8,0,0.5714285714,0.6722129784,0.3333333333
5,2,1,0,0.4864864865,0,0.9336609337,0,0,0,0.68718802,1
2,1,0,2,0.4774774775,0.375,0.9336609337,0.8,0,0.5714285714,0.7512479201,0.75
4,2,0,1,0.4684684685,0.25,0.9336609337,0,0,0,0.4276206323,1
5,2,1,0,0.5315315315,0,0.9336609337,0.8,0,0.5714285714,0.6098169717,1
7,4,1,4,0.6396396396,0.25,0.9336609337,1,0,0.7142857143,0.5665557404,1
4,2,1,3,0.4324324324,0.625,1,0.8,0,0.5714285714,0.4134775374,1
4,2,0,0,0.4684684685,0,0.9336609337,0,0,0,0.5798668885,1
2,1,0,1,0.4594594595,1,0.9336609337,0.8,0,0.5714285714,0.7054908486,0.3333333333
1,3,0,0,0.3963963964,0,0.9336609337,0.8,0,0.5714285714,0.3851913478,1
1,3,0,2,0.3693693694,0.375,0.9336609337,0.8,0,0.5714285714,0.7487520799,0.75
8,1,1,3,0.2882882883,0.25,0.9336609337,0.8,0,0.5714285714,0.7171381032,0.3333333333
5,2,1,3,0.4774774775,1,0.9336609337,0.8,0,0.5714285714,0.6921797005,0.3333333333
4,2,0,4,1,0.1875,0.8108108108,0.8,0,0.5714285714,0.8103161398,0.5
4,2,0,0,0.8918918919,0,0.8108108108,0.8,0,0.5714285714,0.6589018303,0.75
2,1,0,2,0.4594594595,1,0.9336609337,0.8,0,0.5714285714,0.9143094842,0.3333333333
3,4,1,3,0.6396396396,0.25,1,0.8,0,0.5714285714,0.7212978369,0.3333333333
4,2,0,0,0.8918918919,0,0.8108108108,0.8,0,0.5714285714,0.7079866889,0.5
4,2,0,1,0.5135135135,0.375,0.9336609337,0.8,0,0.5714285714,0.8136439268,0.5
7,4,1,0,0.7027027027,0,0.9336609337,0,1,1,0.6555740433,0.3333333333
5,2,1,3,0.4774774775,1,0.9336609337,0.8,0,0.5714285714,0.4342762063,1
4,2,0,3,0.4684684685,0.25,0.9336609337,0,0,0,0.4317803661,0.5
4,2,0,1,0.8918918919,0.375,0.8108108108,0.8,0,0.5714285714,0.4442595674,0.75
1,3,0,2,0.2477477477,1,0.9336609337,0.8,0,0.5714285714,0.6780366057,0.3333333333
3,4,1,4,0.7927927928,0.1875,0.9336609337,0,0,0,0.8319467554,0.3333333333
4,2,0,3,0.4234234234,0.25,0.9336609337,1,0,0.7142857143,0.5906821963,1
3,4,1,3,0.6936936937,1,0.9336609337,0,0,0,0.6921797005,1
5,2,1,4,0.4954954955,0.1875,0.9336609337,0,0,0,0.853577371,0.75
7,4,1,1,0.7117117117,1,0.9336609337,1,0,0.7142857143,0.5798668885,1
5,2,1,1,0.4954954955,1,0.9336609337,0.8,0,0.5714285714,0.7520798669,0.75
5,2,1,3,0.4414414414,0.625,0.9336609337,0,0,0,0.6921797005,1
1,3,0,1,0.5585585586,0.375,0.8108108108,0.8,0,0.5714285714,0.6505823627,0.75
2,1,0,2,0.4594594595,1,0.9336609337,0.8,0,0.5714285714,0.7695507488,0.75
1,3,0,4,0.4684684685,0.1875,0.9336609337,0.8,0,0.5714285714,0.8635607321,0.3333333333
2,1,0,4,0.9459459459,0.375,0.8108108108,0.8,0,0.5714285714,0.493344426,0.75
4,2,0,3,0.4054054054,1,0.9336609337,0,0,0,0.6772046589,0.3333333333
4,2,0,1,0.7387387387,1,0.8108108108,0.8,0,0.5714285714,0.8677204659,0.3333333333
1,3,0,4,0.4684684685,0.1875,0.9336609337,0.8,0,0.5714285714,0.418469218,0.75
5,2,1,3,0.5495495495,0.25,0.9336609337,0.8,0,0.5714285714,0.6747088186,0.3333333333
7,4,1,3,0.6036036036,1,0.9336609337,0,1,1,0.4517470882,0.5
2,1,0,2,0.4774774775,0.375,0.9336609337,0.8,0,0.5714285714,0.8202995008,0.5
4,2,0,2,0.6846846847,1,0.8108108108,0.8,0,0.5714285714,0.4575707155,1
2,1,0,2,0.4774774775,0.375,0.9336609337,0.8,0,0.5714285714,0.6555740433,0.75
2,1,0,4,1,0.1875,0.8108108108,0.8,0,0.5714285714,0.4159733777,0.5
2,1,0,1,0.5045045045,0.375,0.9336609337,0.8,0,0.5714285714,0.7404326123,0.75
7,4,1,1,0.6036036036,1,0.9336609337,0,1,1,0.6081530782,1
4,2,0,0,0.3963963964,0,0.9336609337,0.8,0,0.5714285714,0.6539101498,0.75
7,4,1,0,0.7027027027,0,0.9336609337,0,0,0,0.6846921797,0.375
1,3,0,2,0.2477477477,1,0.9336609337,0.8,0,0.5714285714,0.8743760399,0.3333333333
2,1,0,0,0.5225225225,0,0.9336609337,0.8,0,0.5714285714,0.4159733777,1
2,1,0,3,0.5945945946,0.25,0.9336609337,0,0,0,0.4309484193,1
4,2,0,2,0.8558558559,0.375,0.8108108108,0.8,0,0.5714285714,0.8677204659,0.3333333333
5,2,1,3,0.4504504505,1,0.9336609337,0,0,0,0.8252911814,0.75
1,3,0,2,0.5405405405,0.375,0.8108108108,0.8,0,0.5714285714,0.4384359401,0.75
2,1,0,4,1,0.1875,0.8108108108,0.8,0,0.5714285714,0.46921797,0.75
5,2,1,1,0.4864864865,0.25,0.9336609337,0,0,0,0.6722129784,1
1,3,0,0,0.5945945946,0,0.8108108108,0.8,0,0.5714285714,0.8053244592,0.3333333333
3,4,1,3,0.6936936937,1,0.9336609337,0,0,0,0.8918469218,0.3333333333
5,2,1,3,0.4504504505,1,0.9336609337,0.8,0,0.5714285714,0.7936772047,0.3333333333
5,2,1,3,0.4144144144,1,0.9336609337,0.8,0,0.5714285714,0.4359400998,1
4,2,0,4,0.4234234234,0.375,0.9336609337,0.8,0,0.5714285714,0.7387687188,0.5
3,4,1,3,0.6306306306,0.625,1,0.8,0,0.5714285714,0.7196339434,0.3333333333
2,1,0,3,0.5495495495,1,0.9336609337,0,0,0,0.7054908486,0.3333333333
7,4,1,3,0.6936936937,0.25,0.9336609337,1,0,0.7142857143,0.6555740433,0.3333333333
4,2,0,3,0.4234234234,0.25,0.9336609337,1,0,0.7142857143,0.4159733777,1
5,2,1,4,0.4954954955,0.25,0.9336609337,0,0,0,0.6846921797,1
2,1,0,4,0.4864864865,0.375,0.9336609337,0.8,0,0.5714285714,0.4600665557,0.75
2,1,0,3,0.5945945946,0.25,0.9336609337,0,0,0,0.7287853577,0.5
5,2,1,3,0.4774774775,1,0.9336609337,0.8,0,0.5714285714,0.7188019967,0.5
7,4,1,3,0.6936936937,0.25,0.9336609337,1,0,0.7142857143,0.3951747088,0.5
4,2,0,0,0.4414414414,0,0.9336609337,0.6,0,0.4285714286,0.6006655574,0.3333333333
2,1,0,0,0.6126126126,0,0.9336609337,0,0,0,0.4409317804,1
2,1,0,1,0.9279279279,0.375,0.8108108108,0.8,0,0.5714285714,0.6580698835,0.75
1,3,0,0,0.3963963964,0,0.9336609337,0.8,0,0.5714285714,0.4043261231,0.75
5,2,1,3,0.2972972973,1,0.9336609337,0.8,0,0.5714285714,0.6747088186,0.3333333333
2,1,0,1,0.5045045045,0.375,0.9336609337,0.8,0,0.5714285714,0.8277870216,0.5
2,1,0,3,0.5495495495,1,0.9336609337,0,0,0,0.4825291181,0.5
4,2,0,4,0.4414414414,0.1875,0.9336609337,1,0,0.7142857143,0.4159733777,1
4,2,0,0,0.4684684685,0,0.9336609337,0,0,0,0.4193011647,1
6,4,1,3,0.5135135135,1,0.9336609337,0.8,0,0.5714285714,0.4226289517,0.3333333333
1,3,0,2,0.5405405405,0.375,0.8108108108,0.8,0,0.5714285714,0.7870216306,0.5
7,4,1,1,0.6216216216,0.25,0.9336609337,0,0,0,0.6663893511,0.5
3,4,1,1,0.7297297297,1,0.9336609337,0,0,0,0.7878535774,0.5
2,1,0,1,0.9279279279,0.375,0.8108108108,0.8,0,0.5714285714,0.7454242928,0.75
4,2,0,2,0.4684684685,0.375,0.9336609337,0.8,0,0.5714285714,0.4400998336,0.5
7,4,1,4,0.6846846847,0.1875,0.9336609337,0,1,1,0.6855241265,0.5
3,4,1,0,0.8198198198,0,0.9336609337,0,0,0,0.8286189684,0.3333333333
5,2,1,0,0.5045045045,0,0.9336609337,0.8,0,0.5714285714,0.4392678869,1
4,2,0,4,0.9009009009,0.375,0.8108108108,0.8,0,0.5714285714,0.7445923461,0.5
3,4,1,4,0.6576576577,0.1875,1,0.8,0,0.5714285714,0.6272878536,1
5,2,1,3,0.4504504505,1,0.9336609337,0,0,0,0.7945091514,0.5
7,4,1,1,0.6036036036,1,0.9336609337,0,1,1,0.6430948419,0.3333333333
6,4,1,3,0.5675675676,0.625,0.9336609337,0.8,0,0.5714285714,0.5973377704,1
5,2,1,3,0.4774774775,1,0.9336609337,0.8,0,0.5714285714,0.6314475874,1
4,2,0,0,0.5135135135,0,0.9336609337,0.8,0,0.5714285714,0.8344425957,0.3333333333
4,2,1,0,0.5045045045,0,0.9336609337,0.8,0,0.5714285714,0.4084858569,1
1,3,0,4,0.6486486486,0.375,0.8108108108,0.8,0,0.5714285714,0.6880199667,0.5
1,3,0,1,0.3693693694,0.375,0.9336609337,0.8,0,0.5714285714,0.8552412646,0.3333333333
4,2,0,2,0.3693693694,1,0.9336609337,0.8,0,0.5714285714,0.6963394343,0.5
4,2,0,1,0.3963963964,1,0.9336609337,0.8,0,0.5714285714,0.8219633943,0.5
3,4,1,1,0.8288288288,0.25,0.9336609337,0,0,0,0.8144758735,0.75
7,4,1,1,0.7117117117,1,0.9336609337,1,0,0.7142857143,0.6297836938,0.5
2,1,0,3,0.5495495495,1,0.9336609337,0,0,0,0.4359400998,1
5,2,1,1,0.4504504505,1,0.9336609337,0,0,0,0.7986688852,0.75
4,2,0,1,0.3963963964,1,0.9336609337,0.8,0,0.5714285714,0.8635607321,0.3333333333
2,1,0,3,0.5495495495,1,0.9336609337,0,0,0,0.7154742097,0.5
4,2,0,4,0.5585585586,0.1875,0.9336609337,0.8,0,0.5714285714,0.6763727121,0.3333333333
1,3,0,2,0.4234234234,1,0.8108108108,0.8,0,0.5714285714,0.6863560732,0.3333333333
6,4,1,3,0.5675675676,0.25,0.9336609337,0.8,0,0.5714285714,0.5898502496,1
2,1,0,4,0.5225225225,0.1875,0.9336609337,0.8,0,0.5714285714,0.7595673877,0.3333333333
2,1,0,1,0.9279279279,0.375,0.8108108108,0.8,0,0.5714285714,0.4717138103,0.75
4,2,0,3,0.4414414414,0.625,0.9336609337,0,0,0,0.4276206323,1
7,4,1,1,0.6216216216,0.25,0.9336609337,0,0,0,0.68718802,0.375
4,2,0,2,0.3693693694,1,0.9336609337,0.8,0,0.5714285714,0.4159733777,0.75
1,3,0,4,0.6846846847,0.1875,0.8108108108,0.8,0,0.5714285714,0.8594009983,0.3333333333
5,2,1,3,0.5945945946,0.25,0.9336609337,0.8,0,0.5714285714,0.7013311148,0.5
5,2,1,3,0.5495495495,0.25,0.9336609337,0.8,0,0.5714285714,0.6805324459,0.3333333333
5,2,1,3,0.4054054054,0.25,0.9336609337,0.8,0,0.5714285714,0.7013311148,0.5
2,1,0,3,0.5945945946,0.25,0.9336609337,0,0,0,0.7221297837,0.5
5,2,1,0,0.3333333333,0,0.9336609337,0.8,0,0.5714285714,0.618968386,1
4,2,0,4,0.5585585586,0.1875,0.9336609337,0.8,0,0.5714285714,0.6489184692,0.75
2,1,0,1,0.4594594595,1,0.9336609337,0.8,0,0.5714285714,0.4450915141,0.5
4,2,0,4,0.4684684685,0.1875,0.9336609337,0,0,0,0.6821963394,0.5
1,3,0,1,0.3963963964,1,0.9336609337,0.8,0,0.5714285714,0.377703827,0.75
1,3,0,1,0.3693693694,0.375,0.9336609337,0.8,0,0.5714285714,0.7978369384,0.5
4,2,0,1,0.5135135135,0.375,0.9336609337,0.8,0,0.5714285714,0.6930116473,0.5
4,2,0,4,1,0.1875,0.8108108108,0.8,0,0.5714285714,0.4683860233,1
4,2,0,1,0.4684684685,1,0.9336609337,0,0,0,0.4093178037,1
4,2,0,1,0.8918918919,0.375,0.8108108108,0.8,0,0.5714285714,0.7013311148,0.5
5,2,1,3,0.4504504505,1,0.9336609337,0.8,0,0.5714285714,0.7795341098,0.75
4,2,0,1,0.4234234234,0.25,0.9336609337,1,0,0.7142857143,0.6098169717,0.3333333333
5,2,1,0,0.5495495495,0,0.9336609337,0.8,0,0.5714285714,0.4342762063,0.5
1,3,0,0,0.6306306306,0,0.8108108108,0.8,0,0.5714285714,0.3935108153,1
5,2,1,0,0.4864864865,0,0.9336609337,0,0,0,0.7861896839,0.5
8,1,1,3,0.2882882883,0.25,0.9336609337,0.8,0,0.5714285714,0.7545757072,0.5
1,3,0,2,0.5405405405,0.375,0.8108108108,0.8,0,0.5714285714,0.6638935108,0.5
4,2,0,4,0.4414414414,0.1875,0.9336609337,1,0,0.7142857143,0.6364392679,0.5
5,2,1,3,0.4504504505,0.25,0.9336609337,0.8,0,0.5714285714,0.6181364393,1
6,4,1,3,0.5135135135,1,0.9336609337,0.8,0,0.5714285714,0.3935108153,1
4,2,0,4,1,0.1875,0.8108108108,0.8,0,0.5714285714,0.7787021631,0.75
5,2,1,3,0.3153153153,0.25,0.9336609337,0.8,0,0.5714285714,0.4467554077,0.5
2,1,0,4,1,0.1875,0.8108108108,0.8,0,0.5714285714,0.7212978369,0.5
5,2,1,3,0.4774774775,0.25,0.9336609337,0.8,0,0.5714285714,0.6214642263,1
2,1,0,0,0.9279279279,0,0.8108108108,0.8,0,0.5714285714,0.3943427621,0.5
4,2,0,2,0.3693693694,1,0.9336609337,0.8,0,0.5714285714,0.8119800333,0.5
2,1,0,1,0.6846846847,1,0.8108108108,0.8,0,0.5714285714,0.4267886855,1
5,2,1,3,0.3963963964,1,0.9336609337,0.8,0,0.5714285714,0.6181364393,1
2,1,0,2,0.4594594595,1,0.9336609337,0.8,0,0.5714285714,0.8410981697,0.5
7,4,1,4,0.6396396396,0.25,0.9336609337,1,0,0.7142857143,0.3935108153,0.5
5,2,1,3,0.5495495495,0.25,0.9336609337,0.8,0,0.5714285714,0.465890183,0.5
4,2,0,1,0.5135135135,0.375,0.9336609337,0.8,0,0.5714285714,0.6505823627,0.75
4,2,0,3,0.4414414414,0.625,0.9336609337,0,0,0,0.4259567388,0.5
2,1,0,4,0.5225225225,0.1875,0.9336609337,0.8,0,0.5714285714,0.65640599,0.75
5,2,1,0,0.5945945946,0,0.9336609337,0.8,0,0.5714285714,0.6805324459,0.5
4,2,0,0,0.4684684685,0,0.9336609337,0,0,0,0.7063227953,0.5
5,2,1,3,0.4414414414,0.625,0.9336609337,0,0,0,0.8078202995,0.3333333333
3,4,1,1,0.6576576577,0.25,1,0.8,0,0.5714285714,0.6821963394,0.5
6,4,1,3,0.5135135135,1,0.9336609337,0.8,0,0.5714285714,0.5881863561,1
5,2,1,3,0.4504504505,1,0.9336609337,0.8,0,0.5714285714,0.7703826955,0.5
5,2,1,1,0.4504504505,1,0.9336609337,0,0,0,0.7895174709,0.5
2,1,0,1,0.4594594595,1,0.9336609337,0.8,0,0.5714285714,0.84359401,0.5
7,4,1,4,0.6486486486,0.25,0.9336609337,0,1,1,0.6747088186,0.5
1,3,0,1,0.3963963964,1,0.9336609337,0.8,0,0.5714285714,0.8577371048,0.3333333333
4,2,0,3,0.4054054054,1,0.9336609337,0,0,0,0.5906821963,1
7,4,1,4,0.6396396396,0.25,0.9336609337,1,0,0.7142857143,0.6763727121,0.5
1,3,0,2,0.3693693694,0.375,0.9336609337,0.8,0,0.5714285714,0.6821963394,0.5
2,1,0,4,0.4864864865,0.375,0.9336609337,0.8,0,0.5714285714,0.8427620632,0.5
2,1,0,3,0.5945945946,0.25,0.9336609337,0,0,0,0.7262895175,0.5
2,1,0,3,0.5495495495,1,0.9336609337,0,0,0,0.7088186356,0.5
1,3,0,4,0.6846846847,0.1875,0.8108108108,0.8,0,0.5714285714,0.7221297837,0.75
4,2,0,1,0.8918918919,0.375,0.8108108108,0.8,0,0.5714285714,0.6755407654,0.3333333333
2,1,0,4,0.4864864865,0.375,0.9336609337,0.8,0,0.5714285714,0.7196339434,0.3333333333
5,2,1,3,0.4864864865,0.25,0.9336609337,0,0,0,0.7587354409,0.3333333333
1,3,0,4,0.6486486486,0.375,0.8108108108,0.8,0,0.5714285714,0.418469218,1
8,1,1,3,0.2882882883,0.25,0.9336609337,0.8,0,0.5714285714,0.4309484193,0.5
7,4,1,0,0.6936936937,0,0.9336609337,1,0,0.7142857143,0.3785357737,1
6,4,1,3,0.5675675676,0.25,0.9336609337,0.8,0,0.5714285714,0.6780366057,0.3333333333
5,2,1,3,0.4504504505,1,0.9336609337,0,0,0,0.840266223,0.3333333333
5,2,1,0,0.3333333333,0,0.9336609337,0.8,0,0.5714285714,0.4484193012,1
3,4,1,3,0.7387387387,0.625,0.9336609337,0,0,0,0.8244592346,0.75
5,2,1,4,0.4954954955,0.25,0.9336609337,0,0,0,0.7179700499,0.3333333333
1,3,0,1,0.3693693694,0.375,0.9336609337,0.8,0,0.5714285714,0.6314475874,0.75
4,2,0,4,0.4234234234,0.375,0.9336609337,0.8,0,0.5714285714,0.4475873544,1
7,4,1,3,0.6036036036,1,0.9336609337,0,1,1,0.6114808652,1
4,2,0,0,0.8108108108,0,0.8108108108,0.8,0,0.5714285714,0.4159733777,0.75
5,2,1,3,0.4504504505,1,0.9336609337,0,0,0,0.6738768719,1
1,3,0,0,0.6306306306,0,0.8108108108,0.8,0,0.5714285714,0.7404326123,0.75
2,1,0,0,0.5225225225,0,0.9336609337,0.8,0,0.5714285714,0.6630615641,0.75
1,3,0,0,0.5945945946,0,0.8108108108,0.8,0,0.5714285714,0.7762063228,0.75
2,1,0,3,0.5495495495,1,0.9336609337,0,0,0,0.7096505824,0.3333333333
2,1,0,1,0.5045045045,0.375,0.9336609337,0.8,0,0.5714285714,0.8627287854,0.3333333333
6,4,1,3,0.5675675676,0.25,0.9336609337,0.8,0,0.5714285714,0.4076539101,0.3333333333
2,1,0,0,0.9279279279,0,0.8108108108,0.8,0,0.5714285714,0.4617304493,0.75
2,1,0,1,0.9279279279,0.375,0.8108108108,0.8,0,0.5714285714,0.7262895175,0.5
4,2,1,0,0.4324324324,0,1,0.8,0,0.5714285714,0.4159733777,1
7,4,1,3,0.6936936937,0.25,0.9336609337,1,0,0.7142857143,0.5723793677,1
4,2,0,2,0.4684684685,0.375,0.9336609337,0.8,0,0.5714285714,0.6505823627,0.75
2,1,0,0,0.6126126126,0,0.9336609337,0,0,0,0.6322795341,1
4,2,0,2,0.3693693694,1,0.9336609337,0.8,0,0.5714285714,0.4633943428,0.5
1,3,0,1,0.5585585586,0.375,0.8108108108,0.8,0,0.5714285714,0.4351081531,0.75
1,3,0,0,0.5945945946,0,0.8108108108,0.8,0,0.5714285714,0.3826955075,1
2,1,0,0,0.8828828829,0,0.8108108108,0.8,0,0.5714285714,0.6613976705,0.75
2,1,0,0,0.5225225225,0,0.9336609337,0.8,0,0.5714285714,0.6555740433,0.75
5,2,1,0,0.4594594595,0,0.9336609337,0.8,0,0.5714285714,0.4259567388,1
2,1,0,2,0.963963964,0.375,0.8108108108,0.8,0,0.5714285714,0.4675540765,1
5,2,1,3,0.3153153153,0.25,0.9336609337,0.8,0,0.5714285714,0.6164725458,1
8,1,1,0,0.3063063063,0,0.9336609337,0.8,0,0.5714285714,0.4292845258,0.5
7,4,1,1,0.7117117117,1,0.9336609337,1,0,0.7142857143,0.6405990017,0.3333333333
1,3,0,2,0.2477477477,1,0.9336609337,0.8,0,0.5714285714,0.6239600666,0.75
2,1,0,3,0.5495495495,1,0.9336609337,0,0,0,0.4925124792,0.5
7,4,1,3,0.7117117117,1,0.9336609337,1,0,0.7142857143,0.4034941764,0.5
5,2,1,3,0.5495495495,0.25,0.9336609337,0.8,0,0.5714285714,0.6372712146,1
5,2,1,3,0.5225225225,0.625,0.9336609337,0.8,0,0.5714285714,0.6347753744,1
1,3,0,2,0.3693693694,0.375,0.9336609337,0.8,0,0.5714285714,0.4101497504,0.75
1,3,0,4,0.4684684685,0.1875,0.9336609337,0.8,0,0.5714285714,0.6430948419,0.75
2,1,0,3,0.5945945946,0.25,0.9336609337,0,0,0,0.7096505824,0.3333333333
7,4,1,3,0.6936936937,0.25,0.9336609337,1,0,0.7142857143,0.3793677205,1
7,4,1,3,0.7117117117,1,0.9336609337,1,0,0.7142857143,0.3752079867,1
4,2,1,0,0.4324324324,0,1,0.8,0,0.5714285714,0.6638935108,0.5
1,3,0,1,0.5378378378,1,0.8108108108,0.8,0,0.5714285714,0.8410981697,0.3333333333
4,2,0,1,0.4234234234,0.25,0.9336609337,1,0,0.7142857143,0.5906821963,1
4,2,0,2,0.3693693694,1,0.9336609337,0.8,0,0.5714285714,0.6722129784,0.75
7,4,1,3,0.6576576577,0.625,0.9336609337,1,0,0.7142857143,0.6763727121,0.3333333333
2,1,0,3,0.5495495495,1,0.9336609337,0,0,0,0.6164725458,1
4,2,0,0,0.3963963964,0,0.9336609337,0.8,0,0.5714285714,0.7845257903,0.75
5,2,1,0,0.3333333333,0,0.9336609337,0.8,0,0.5714285714,0.6730449251,0.5
4,2,0,1,0.3873873874,1,0.9336609337,1,0,0.7142857143,0.5906821963,1
5,2,1,3,0.4414414414,0.625,0.9336609337,0,0,0,0.7978369384,0.5
4,2,0,4,0.4414414414,0.1875,0.9336609337,1,0,0.7142857143,0.5906821963,1
1,3,0,1,0.3963963964,1,0.9336609337,0.8,0,0.5714285714,0.8477537438,0.5
5,2,1,3,0.5225225225,0.625,0.9336609337,0.8,0,0.5714285714,0.4434276206,1
4,2,0,4,0.4234234234,0.375,0.9336609337,0.8,0,0.5714285714,0.8302828619,0.5
7,4,1,1,0.6396396396,0.25,0.9336609337,0,1,1,0.3901830283,1
5,2,1,3,0.4774774775,0.25,0.9336609337,0.8,0,0.5714285714,0.6705490849,0.3333333333
5,2,1,3,0.4684684685,1,0.9336609337,0.8,0,0.5714285714,0.4226289517,0.5
1,3,0,4,0.6486486486,0.375,0.8108108108,0.8,0,0.5714285714,0.4242928453,0.75
4,2,0,0,0.3963963964,0,0.9336609337,0.8,0,0.5714285714,0.690515807,0.3333333333
5,2,1,0,0.5045045045,0,0.9336609337,0.8,0,0.5714285714,0.6713810316,1
3,4,1,3,0.6036036036,1,1,0.8,0,0.5714285714,0.377703827,1
4,2,0,3,0.3693693694,0.625,0.9336609337,1,0,0.7142857143,0.6281198003,0.5
8,1,1,0,0.3063063063,0,0.9336609337,0.8,0,0.5714285714,0.7495840266,0.5
4,2,0,4,0.5045045045,0.25,0.9336609337,0,0,0,0.5906821963,1
1,3,0,2,0.4234234234,1,0.8108108108,0.8,0,0.5714285714,0.8386023295,0.3333333333
7,4,1,0,0.6936936937,0,0.9336609337,1,0,0.7142857143,0.6547420965,0.5
4,2,0,1,0.7387387387,1,0.8108108108,0.8,0,0.5714285714,0.4584026622,1
2,1,0,0,0.5225225225,0,0.9336609337,0.8,0,0.5714285714,0.8044925125,0.5
5,2,1,0,0.5045045045,0,0.9336609337,0.8,0,0.5714285714,0.4367720466,0.5
5,2,1,0,0.3333333333,0,0.9336609337,0.8,0,0.5714285714,0.6605657238,0.3333333333
7,4,1,4,0.6486486486,0.25,0.9336609337,0,1,1,0.3993344426,1
3,4,1,4,0.6126126126,0.25,1,0.8,0,0.5714285714,0.4159733777,1
6,4,1,3,0.5675675676,0.625,0.9336609337,0.8,0,0.5714285714,0.6863560732,0.3333333333
4,2,0,4,0.9009009009,0.375,0.8108108108,0.8,0,0.5714285714,0.4675540765,1
4,2,0,1,0.4684684685,0.25,0.9336609337,0,0,0,0.6622296173,0.3333333333
2,1,0,2,0.963963964,0.375,0.8108108108,0.8,0,0.5714285714,0.4617304493,0.75
7,4,1,0,0.6936936937,0,0.9336609337,1,0,0.7142857143,0.5740432612,1
5,2,1,4,0.4864864865,0.25,0.9336609337,0.8,0,0.5714285714,0.8036605657,0.75
1,3,0,1,0.5585585586,0.375,0.8108108108,0.8,0,0.5714285714,0.7412645591,0.75
3,4,1,3,0.6936936937,1,0.9336609337,0,0,0,0.8161397671,0.75
7,4,1,0,0.7297297297,0,0.9336609337,0.6,0,0.4285714286,0.6638935108,0.5
1,3,0,2,0.3693693694,0.375,0.9336609337,0.8,0,0.5714285714,0.6430948419,0.75
5,2,1,4,0.4954954955,0.25,0.9336609337,0,0,0,0.850249584,0.75
5,2,1,3,0.4504504505,0.25,0.9336609337,0.8,0,0.5714285714,0.6805324459,0.3333333333
2,1,0,0,0.8828828829,0,0.8108108108,0.8,0,0.5714285714,0.7695507488,0.75
1,3,0,2,0.2477477477,1,0.9336609337,0.8,0,0.5714285714,0.8053244592,0.75
4,2,0,4,0.4234234234,0.375,0.9336609337,0.8,0,0.5714285714,0.7004991681,0.3333333333
5,2,1,0,0.5045045045,0,0.9336609337,0.8,0,0.5714285714,0.6863560732,0.5
5,2,1,0,0.4414414414,0,0.9336609337,0.8,0,0.5714285714,0.659733777,0.3333333333
2,1,0,0,0.9279279279,0,0.8108108108,0.8,0,0.5714285714,0.7462562396,0.3333333333
7,4,1,4,0.6846846847,0.1875,0.9336609337,1,0,0.7142857143,0.4018302829,0.5
7,4,1,4,0.6846846847,0.1875,0.9336609337,1,0,0.7142857143,0.5740432612,1
7,4,1,3,0.6576576577,0.625,0.9336609337,0,0,0,0.6855241265,0.375
2,1,0,0,0.8828828829,0,0.8108108108,0.8,0,0.5714285714,0.8344425957,0.5
4,2,0,0,0.8918918919,0,0.8108108108,0.8,0,0.5714285714,0.7695507488,0.75
5,2,1,3,0.4414414414,0.625,0.9336609337,0,0,0,0.8153078203,0.75
2,1,0,4,0.9459459459,0.375,0.8108108108,0.8,0,0.5714285714,0.7836938436,0.75
1,3,0,1,0.5585585586,0.375,0.8108108108,0.8,0,0.5714285714,0.7870216306,0.5
1,3,0,2,0.4234234234,1,0.8108108108,0.8,0,0.5714285714,0.6638935108,0.5
5,2,1,3,0.5315315315,0.25,0.9336609337,0.8,0,0.5714285714,0.418469218,1
4,2,0,1,0.8918918919,0.375,0.8108108108,0.8,0,0.5714285714,0.6514143095,0.75
4,2,0,3,0.4054054054,1,0.9336609337,0,0,0,0.4359400998,0.5
4,2,1,1,0.4324324324,0.25,1,0.8,0,0.5714285714,0.3993344426,1
4,2,0,4,0.4144144144,0.25,0.9336609337,1,0,0.7142857143,0.6214642263,0.5
2,1,0,4,0.4864864865,0.375,0.9336609337,0.8,0,0.5714285714,1,0.3333333333
7,4,1,1,0.5765765766,1,0.9336609337,0,0,0,0.6605657238,0.5
4,2,1,3,0.3963963964,1,1,0.8,0,0.5714285714,0.4276206323,0.5
2,1,0,4,0.5225225225,0.1875,0.9336609337,0.8,0,0.5714285714,0.8960066556,0.3333333333
4,2,0,1,0.4684684685,0.25,0.9336609337,0,0,0,0.6963394343,0.5
7,4,1,3,0.6576576577,0.25,0.9336609337,0,1,1,0.387687188,1
2,1,0,4,1,0.1875,0.8108108108,0.8,0,0.5714285714,0.8019966722,0.5
5,2,1,0,0.4594594595,0,0.9336609337,0.8,0,0.5714285714,0.6763727121,0.5
2,1,0,0,0.5225225225,0,0.9336609337,0.8,0,0.5714285714,0.697171381,0.5
5,2,1,3,0.4504504505,1,0.9336609337,0.8,0,0.5714285714,0.6722129784,1
7,4,1,1,0.7117117117,1,0.9336609337,1,0,0.7142857143,0.4118136439,0.5
3,4,1,3,0.6396396396,0.25,1,0.8,0,0.5714285714,0.4600665557,0.5
4,2,0,1,0.3963963964,1,0.9336609337,0.8,0,0.5714285714,0.4326123128,0.5
1,3,0,4,0.3963963964,0.375,0.9336609337,0.8,0,0.5714285714,0.7986688852,0.75
5,2,1,0,0.5495495495,0,0.9336609337,0.8,0,0.5714285714,0.6489184692,1
2,1,0,0,0.5225225225,0,0.9336609337,0.8,0,0.5714285714,0.7495840266,0.75
4,2,0,0,0.8918918919,0,0.8108108108,0.8,0,0.5714285714,0.4450915141,0.75
5,2,1,3,0.5945945946,0.25,0.9336609337,0.8,0,0.5714285714,0.6181364393,1
2,1,0,0,0.8828828829,0,0.8108108108,0.8,0,0.5714285714,0.4309484193,0.5
2,1,0,3,0.5945945946,0.25,0.9336609337,0,0,0,0.4425956739,1
1,3,0,0,0.3963963964,0,0.9336609337,0.8,0,0.5714285714,0.8668885191,0.3333333333
1,3,0,1,0.3963963964,1,0.9336609337,0.8,0,0.5714285714,0.6613976705,0.5
4,2,0,1,0.4684684685,1,0.9336609337,0,0,0,0.6830282862,0.3333333333
5,2,1,3,0.4054054054,0.25,0.9336609337,0.8,0,0.5714285714,0.6314475874,1
2,1,0,2,0.963963964,0.375,0.8108108108,0.8,0,0.5714285714,0.4276206323,0.5
7,4,1,0,0.7027027027,0,0.9336609337,0,0.7142857143,0.7142857143,0.4259567388,0.5
4,2,0,4,1,0.1875,0.8108108108,0.8,0,0.5714285714,0.6705490849,0.3333333333
3,4,1,1,0.6216216216,1,1,0.8,0,0.5714285714,0.6264559068,1
3,4,1,0,0.8198198198,0,0.9336609337,0,0,0,0.7936772047,0.5
3,4,1,0,0.7567567568,0,0.9336609337,0.8,0,0.5714285714,0.4309484193,0.5
5,2,1,0,0.5945945946,0,0.9336609337,0.8,0,0.5714285714,0.6697171381,0.3333333333
5,2,1,0,0.5945945946,0,0.9336609337,0.8,0,0.5714285714,0.6106489185,1
7,4,1,4,0.6846846847,0.1875,0.9336609337,0,1,1,0.6763727121,0.3333333333
2,1,0,2,0.4594594595,1,0.9336609337,0.8,0,0.5714285714,0.4792013311,0.75
7,4,1,4,0.6396396396,0.25,0.9336609337,1,0,0.7142857143,0.3851913478,1
4,2,1,1,0.4144144144,1,1,0.8,0,0.5714285714,0.5823627288,1
5,2,1,3,0.2972972973,1,0.9336609337,0.8,0,0.5714285714,0.618968386,1
1,3,0,2,0.5405405405,0.375,0.8108108108,0.8,0,0.5714285714,0.4051580699,0.5
5,2,1,3,0.3963963964,1,0.9336609337,0.8,0,0.5714285714,0.6888519135,0.3333333333
3,4,1,3,0.6396396396,0.25,1,0.8,0,0.5714285714,0.6231281198,1
4,2,1,3,0.3963963964,1,1,0.8,0,0.5714285714,0.6755407654,0.3333333333
1,3,0,0,0.4054054054,0,0.9336609337,0.8,0,0.5714285714,0.6755407654,0.3333333333
4,2,0,4,0.5045045045,0.25,0.9336609337,0,0,0,0.7171381032,0.5
6,4,1,0,0.6486486486,0,0.9336609337,0.8,0,0.5714285714,0.6638935108,0.5
5,2,1,3,0.4864864865,0.25,0.9336609337,0.8,0,0.5714285714,0.7387687188,0.3333333333
1,3,0,2,0.3693693694,0.375,0.9336609337,0.8,0,0.5714285714,0.8361064892,0.3333333333
3,4,1,4,0.6126126126,0.25,1,0.8,0,0.5714285714,0.6289517471,1
2,1,0,0,0.8828828829,0,0.8108108108,0.8,0,0.5714285714,0.4650582363,0.75
2,1,0,2,0.4594594595,1,0.9336609337,0.8,0,0.5714285714,0.6913477537,0.5
2,1,0,3,0.5945945946,0.25,0.9336609337,0,0,0,0.4825291181,0.5
4,2,0,1,0.8918918919,0.375,0.8108108108,0.8,0,0.5714285714,0.7603993344,0.75
5,2,1,3,0.4684684685,0.625,0.9336609337,0.8,0,0.5714285714,0.7778702163,0.3333333333
4,2,0,1,0.3873873874,1,0.9336609337,1,0,0.7142857143,0.4159733777,0.5
4,2,0,1,0.5135135135,0.375,0.9336609337,0.8,0,0.5714285714,0.772046589,0.75
2,1,0,4,0.5225225225,0.1875,0.9336609337,0.8,0,0.5714285714,0.7520798669,0.75
5,2,1,0,0.5045045045,0,0.9336609337,0.8,0,0.5714285714,0.7188019967,0.3333333333
2,1,0,2,0.4774774775,0.375,0.9336609337,0.8,0,0.5714285714,0.7013311148,0.5
6,4,1,3,0.5675675676,0.625,0.9336609337,0.8,0,0.5714285714,0.6763727121,0.3333333333
7,4,1,1,0.6846846847,0.25,0.9336609337,1,0,0.7142857143,0.659733777,0.3333333333
5,2,1,0,0.4864864865,0,0.9336609337,0,0,0,0.7254575707,0.3333333333
2,1,0,3,0.5945945946,0.25,0.9336609337,0,0,0,0.4450915141,1
5,2,1,3,0.5225225225,0.625,0.9336609337,0.8,0,0.5714285714,0.6422628952,1
3,4,1,1,0.7297297297,1,0.9336609337,0,0,0,0.8069883527,0.3333333333
4,2,0,3,0.3693693694,0.625,0.9336609337,1,0,0.7142857143,0.4159733777,1
4,2,1,3,0.4324324324,0.625,1,0.8,0,0.5714285714,0.5923460899,1
4,2,0,4,0.4684684685,0.1875,0.9336609337,0,0,0,0.428452579,1
7,4,1,3,0.6576576577,0.25,0.9336609337,0,1,1,0.6638935108,0.3333333333
1,3,0,4,0.6486486486,0.375,0.8108108108,0.8,0,0.5714285714,0.649750416,0.3333333333
4,2,0,1,0.5135135135,0.375,0.9336609337,0.8,0,0.5714285714,0.4351081531,0.5
4,2,1,4,0.4234234234,0.25,1,0.8,0,0.5714285714,0.6397670549,0.3333333333
2,1,0,4,1,0.1875,0.8108108108,0.8,0,0.5714285714,0.459234609,1
7,4,1,0,0.7027027027,0,0.9336609337,0,1,1,0.5998336106,1
4,2,0,4,0.9009009009,0.375,0.8108108108,0.8,0,0.5714285714,0.7978369384,0.5
7,4,1,1,0.6036036036,1,0.9336609337,0,1,1,0.4018302829,1
4,2,0,4,0.5585585586,0.1875,0.9336609337,0.8,0,0.5714285714,0.4400998336,0.75
2,1,0,3,0.5945945946,0.25,0.9336609337,0,0,0,0.4742096506,0.5
3,4,1,0,0.8198198198,0,0.9336609337,0,0,0,0.8178036606,0.75
2,1,0,3,0.5945945946,0.25,0.9336609337,0,0,0,0.6913477537,0.3333333333
4,2,1,0,0.5045045045,0,0.9336609337,0.8,0,0.5714285714,0.6630615641,0.5
1,3,0,2,0.2477477477,1,0.9336609337,0.8,0,0.5714285714,0.381031614,0.75
5,2,1,3,0.4774774775,0.25,0.9336609337,0.8,0,0.5714285714,0.4392678869,0.5
2,1,0,4,0.9459459459,0.375,0.8108108108,0.8,0,0.5714285714,0.8369384359,0.5
1,3,0,0,0.5945945946,0,0.8108108108,0.8,0,0.5714285714,0.4076539101,0.5
7,4,1,0,0.7027027027,0,0.9336609337,0,0,0,0.6638935108,0.5
5,2,1,3,0.4864864865,0.25,0.9336609337,0,0,0,0.7903494176,0.5
4,2,0,3,0.4414414414,0.625,0.9336609337,0,0,0,0.6713810316,0.3333333333
4,2,0,2,0.4684684685,0.375,0.9336609337,0.8,0,0.5714285714,0.4450915141,0.75
5,2,1,3,0.5405405405,1,0.9336609337,0.8,0,0.5714285714,0.6006655574,1
1,3,0,0,0.3963963964,0,0.9336609337,0.8,0,0.5714285714,0.6297836938,0.75
1,3,0,1,0.5378378378,1,0.8108108108,0.8,0,0.5714285714,0.4359400998,0.5
5,2,1,4,0.4954954955,0.1875,0.9336609337,0,0,0,0.8044925125,0.5
2,1,0,0,0.5225225225,0,0.9336609337,0.8,0,0.5714285714,0.7171381032,0.5
2,1,0,1,0.6846846847,1,0.8108108108,0.8,0,0.5714285714,0.4334442596,0.5
2,1,0,1,0.6846846847,1,0.8108108108,0.8,0,0.5714285714,0.7179700499,0.3333333333
4,2,0,2,0.3693693694,1,0.9336609337,0.8,0,0.5714285714,0.7237936772,0.3333333333
4,2,0,2,0.8558558559,0.375,0.8108108108,0.8,0,0.5714285714,0.4226289517,0.5
5,2,1,3,0.4054054054,0.25,0.9336609337,0.8,0,0.5714285714,0.6830282862,0.3333333333
5,2,1,0,0.4864864865,0,0.9336609337,0,0,0,0.8069883527,0.75
2,1,0,0,0.5225225225,0,0.9336609337,0.8,0,0.5714285714,0.727953411,0.3333333333
2,1,0,4,1,0.1875,0.8108108108,0.8,0,0.5714285714,0.6547420965,0.75
4,2,1,4,0.4324324324,0.1875,1,0.8,0,0.5714285714,0.5757071547,1
5,2,1,3,0.4864864865,0.25,0.9336609337,0.8,0,0.5714285714,0.7878535774,0.75
2,1,0,4,0.9459459459,0.375,0.8108108108,0.8,0,0.5714285714,0.4326123128,0.5
4,2,1,4,0.4324324324,0.1875,1,0.8,0,0.5714285714,0.6821963394,0.5
7,4,1,3,0.6306306306,0.625,0.9336609337,0,1,1,0.4400998336,0.5
3,4,1,4,0.6576576577,0.1875,1,0.8,0,0.5714285714,0.4151414309,1
4,2,0,4,1,0.1875,0.8108108108,0.8,0,0.5714285714,0.6472545757,0.75
4,2,0,4,0.9009009009,0.375,0.8108108108,0.8,0,0.5714285714,0.6813643927,0.3333333333
4,2,1,0,0.5045045045,0,0.9336609337,0.8,0,0.5714285714,0.6405990017,0.3333333333
2,1,0,4,0.4864864865,0.375,0.9336609337,0.8,0,0.5714285714,0.4242928453,0.5
5,2,1,3,0.4864864865,0.25,0.9336609337,0,0,0,0.8153078203,0.75
2,1,0,2,0.963963964,0.375,0.8108108108,0.8,0,0.5714285714,0.6547420965,0.75
4,2,0,4,0.5045045045,0.25,0.9336609337,0,0,0,0.4001663894,0.5
5,2,1,3,0.5945945946,0.25,0.9336609337,0.8,0,0.5714285714,0.4450915141,0.5
5,2,1,3,0.3153153153,0.25,0.9336609337,0.8,0,0.5714285714,0.4509151414,1
2,1,0,1,0.4594594595,1,0.9336609337,0.8,0,0.5714285714,0.4825291181,0.75
8,1,1,3,0.2252252252,1,0.9336609337,0.8,0,0.5714285714,0.7495840266,0.3333333333
4,2,0,4,0.4144144144,0.25,0.9336609337,1,0,0.7142857143,0.4118136439,0.5
2,1,0,0,0.9279279279,0,0.8108108108,0.8,0,0.5714285714,0.6638935108,0.75
2,1,0,2,0.963963964,0.375,0.8108108108,0.8,0,0.5714285714,0.7004991681,0.5
1,3,0,1,0.5378378378,1,0.8108108108,0.8,0,0.5714285714,0.3951747088,1
4,2,0,4,0.4414414414,0.1875,0.9336609337,1,0,0.7142857143,0.5990016639,0.3333333333
4,2,0,3,0.3423423423,1,0.9336609337,1,0,0.7142857143,0.6339434276,0.5
3,4,1,4,0.7927927928,0.25,0.9336609337,0,0,0,0.6980033278,1
6,4,1,3,0.5135135135,1,0.9336609337,0.8,0,0.5714285714,0.653078203,0.5
4,2,0,3,0.3693693694,0.625,0.9336609337,1,0,0.7142857143,0.6148086522,0.3333333333
2,1,0,3,0.5495495495,1,0.9336609337,0,0,0,0.4259567388,1
1,3,0,0,0.3963963964,0,0.9336609337,0.8,0,0.5714285714,0.8044925125,0.5
4,2,0,0,0.3963963964,0,0.9336609337,0.8,0,0.5714285714,0.8452579035,0.3333333333
4,2,0,1,0.4684684685,0.25,0.9336609337,0,0,0,0.4151414309,0.5
4,2,0,4,0.4234234234,0.375,0.9336609337,0.8,0,0.5714285714,0.4259567388,0.75
2,1,0,3,0.5945945946,0.25,0.9336609337,0,0,0,0.4808652246,0.5
5,2,1,3,0.5315315315,0.25,0.9336609337,0.8,0,0.5714285714,0.6031613977,1
5,2,1,0,0.4594594595,0,0.9336609337,0.8,0,0.5714285714,0.6605657238,0.3333333333
4,2,0,2,0.4684684685,0.375,0.9336609337,0.8,0,0.5714285714,0.4683860233,1
7,4,1,4,0.6486486486,0.25,0.9336609337,0,1,1,0.5998336106,1
5,2,1,3,0.5225225225,0.625,0.9336609337,0.8,0,0.5714285714,0.6772046589,0.3333333333
6,4,1,3,0.5675675676,0.625,0.9336609337,0.8,0,0.5714285714,0.653078203,0.5
4,2,0,0,0.3963963964,0,0.9336609337,0.8,0,0.5714285714,0.4367720466,1
4,2,0,4,0.4144144144,0.25,0.9336609337,1,0,0.7142857143,0.5906821963,1
4,2,0,4,0.4234234234,0.375,0.9336609337,0.8,0,0.5714285714,0.9159733777,0.3333333333
6,4,1,3,0.5675675676,0.625,0.9336609337,0.8,0,0.5714285714,0.6264559068,0.5
1,3,0,1,0.5378378378,1,0.8108108108,0.8,0,0.5714285714,0.6289517471,0.75
3,4,1,4,0.7927927928,0.1875,0.9336609337,0,0,0,0.8178036606,0.5
4,2,0,3,0.4054054054,1,0.9336609337,0,0,0,0.6913477537,0.5
4,2,0,3,0.3693693694,0.625,0.9336609337,1,0,0.7142857143,0.418469218,0.5
1,3,0,4,0.6846846847,0.1875,0.8108108108,0.8,0,0.5714285714,0.4109816972,0.5
4,2,0,4,1,0.1875,0.8108108108,0.8,0,0.5714285714,0.7046589018,0.5
1,3,0,1,0.3693693694,0.375,0.9336609337,0.8,0,0.5714285714,0.3993344426,0.5
5,2,1,3,0.2972972973,1,0.9336609337,0.8,0,0.5714285714,0.4550748752,0.5
2,1,0,4,0.4864864865,0.375,0.9336609337,0.8,0,0.5714285714,0.7321131448,0.75
5,2,1,3,0.4684684685,1,0.9336609337,0.8,0,0.5714285714,0.6846921797,0.3333333333
5,2,1,3,0.4684684685,0.625,0.9336609337,0.8,0,0.5714285714,0.6713810316,1
1,3,0,4,0.3963963964,0.375,0.9336609337,0.8,0,0.5714285714,0.8311148087,0.5
5,2,1,4,0.4954954955,0.1875,0.9336609337,0,0,0,0.6863560732,1
5,2,1,4,0.4954954955,0.1875,0.9336609337,0,0,0,0.7013311148,0.3333333333
4,2,0,3,0.3693693694,0.625,0.9336609337,1,0,0.7142857143,0.5906821963,1
1,3,0,4,0.6846846847,0.1875,0.8108108108,0.8,0,0.5714285714,0.6613976705,0.3333333333
5,2,1,0,0.5045045045,0,0.9336609337,0.8,0,0.5714285714,0.6247920133,1
4,2,0,3,0.4234234234,0.25,0.9336609337,1,0,0.7142857143,0.4168053245,0.5
4,2,1,3,0.4324324324,0.625,1,0.8,0,0.5714285714,0.6855241265,0.5
1,3,0,0,0.5945945946,0,0.8108108108,0.8,0,0.5714285714,0.6356073211,0.75
1,3,0,4,0.3963963964,0.375,0.9336609337,0.8,0,0.5714285714,0.8386023295,0.3333333333
2,1,0,1,0.5045045045,0.375,0.9336609337,0.8,0,0.5714285714,0.7129783694,0.5
4,2,0,0,0.4414414414,0,0.9336609337,1,0,0.7142857143,0.4176372712,0.5
8,1,1,0,0.3063063063,0,0.9336609337,0.8,0,0.5714285714,0.693843594,0.3333333333
7,4,1,0,0.7027027027,0,0.9336609337,0,1,1,0.4309484193,0.5
3,4,1,4,0.7927927928,0.25,0.9336609337,0,0,0,0.8161397671,0.3333333333
2,1,0,3,0.5495495495,1,0.9336609337,0,0,0,0.7154742097,0.3333333333
3,4,1,3,0.6036036036,1,1,0.8,0,0.5714285714,0.4700499168,0.5
3,4,1,1,0.7297297297,1,0.9336609337,0,0,0,0.6846921797,1
7,4,1,0,0.7027027027,0,0.9336609337,0,1,1,0.3985024958,1
5,2,1,3,0.5225225225,0.625,0.9336609337,0.8,0,0.5714285714,0.6913477537,0.3333333333
4,2,0,3,0.4684684685,0.25,0.9336609337,0,0,0,0.6688851913,0.3333333333
4,2,0,4,0.4684684685,0.1875,0.9336609337,0,0,0,0.4059900166,0.5
4,2,0,2,0.6846846847,1,0.8108108108,0.8,0,0.5714285714,0.7795341098,0.75
2,1,0,1,0.6846846847,1,0.8108108108,0.8,0,0.5714285714,0.6672212978,0.75
2,1,0,3,0.5495495495,1,0.9336609337,0,0,0,0.6256239601,1
4,2,0,1,0.8918918919,0.375,0.8108108108,0.8,0,0.5714285714,0.4168053245,0.5
4,2,0,0,0.3963963964,0,0.9336609337,0.8,0,0.5714285714,0.8011647255,0.5
2,1,0,3,0.5495495495,1,0.9336609337,0,0,0,0.4792013311,0.5
2,1,0,4,0.5225225225,0.1875,0.9336609337,0.8,0,0.5714285714,0.6988352745,0.5
1,3,0,0,0.3963963964,0,0.9336609337,0.8,0,0.5714285714,0.65640599,0.3333333333
2,1,0,2,0.963963964,0.375,0.8108108108,0.8,0,0.5714285714,0.7762063228,0.3333333333
4,2,0,4,0.5045045045,0.25,0.9336609337,0,0,0,0.4326123128,1
1,3,0,2,0.2477477477,1,0.9336609337,0.8,0,0.5714285714,0.4159733777,1
4,2,0,0,0.4414414414,0,0.9336609337,1,0,0.7142857143,0.6048252912,0.3333333333
7,4,1,3,0.5855855856,1,0.9336609337,0,0,0,0.6797004992,0.375
8,1,1,3,0.2252252252,1,0.9336609337,0.8,0,0.5714285714,0.7845257903,0.5
2,1,0,1,0.9279279279,0.375,0.8108108108,0.8,0,0.5714285714,0.7454242928,0.3333333333
3,4,1,3,0.8288288288,0.25,0.9336609337,0,0,0,0.7004991681,1
7,4,1,1,0.6396396396,0.25,0.9336609337,0,1,1,0.6555740433,0.5
5,2,1,3,0.5225225225,0.625,0.9336609337,0.8,0,0.5714285714,0.4409317804,0.5
4,2,0,4,0.9009009009,0.375,0.8108108108,0.8,0,0.5714285714,0.9043261231,0.3333333333
2,1,0,0,0.9279279279,0,0.8108108108,0.8,0,0.5714285714,0.8136439268,0.5
2,1,0,2,0.8918918919,1,0.8108108108,0.8,0,0.5714285714,0.4608985025,0.5
7,4,1,3,0.5855855856,1,0.9336609337,0,0,0,0.6672212978,0.5
1,3,0,2,0.4234234234,1,0.8108108108,0.8,0,0.5714285714,0.6289517471,0.75
3,4,1,1,0.6576576577,0.25,1,0.8,0,0.5714285714,0.7262895175,0.3333333333
5,2,1,0,0.5045045045,0,0.9336609337,0.8,0,0.5714285714,0.7628951747,0.75
4,2,1,0,0.5045045045,0,0.9336609337,0.8,0,0.5714285714,0.4201331115,0.5
7,4,1,1,0.6846846847,0.25,0.9336609337,1,0,0.7142857143,0.3785357737,1
4,2,0,0,0.5135135135,0,0.9336609337,0.8,0,0.5714285714,0.4475873544,0.75
4,2,1,4,0.4234234234,0.25,1,0.8,0,0.5714285714,0.5740432612,1
7,4,1,1,0.5765765766,1,0.9336609337,0,0,0,0.6430948419,0.375
4,2,0,1,0.7387387387,1,0.8108108108,0.8,0,0.5714285714,0.4193011647,0.75
4,2,0,1,0.7387387387,1,0.8108108108,0.8,0,0.5714285714,0.809484193,0.5
2,1,0,1,0.6846846847,1,0.8108108108,0.8,0,0.5714285714,0.7762063228,0.75
4,2,1,1,0.4144144144,1,1,0.8,0,0.5714285714,0.3835274542,1
1,3,0,2,0.3693693694,0.375,0.9336609337,0.8,0,0.5714285714,0.7986688852,0.5
1,3,0,2,0.5405405405,0.375,0.8108108108,0.8,0,0.5714285714,0.6580698835,0.75
2,1,0,3,0.5945945946,0.25,0.9336609337,0,0,0,0.6364392679,1
3,4,1,1,0.6216216216,1,1,0.8,0,0.5714285714,0.4201331115,1
5,2,1,3,0.3603603604,1,0.9336609337,0.8,0,0.5714285714,0.6181364393,1
5,2,1,3,0.4144144144,1,0.9336609337,0.8,0,0.5714285714,0.6863560732,0.5
8,1,1,0,0.3063063063,0,0.9336609337,0.8,0,0.5714285714,0.4434276206,1
7,4,1,4,0.6576576577,0.1875,0.9336609337,0,0,0,0.6747088186,0.5
3,4,1,1,0.6216216216,1,1,0.8,0,0.5714285714,0.6855241265,0.3333333333
7,4,1,0,0.7027027027,0,0.9336609337,0,0.7142857143,0.7142857143,0.6663893511,0.5
4,2,0,0,0.4684684685,0,0.9336609337,0,0,0,0.421797005,0.5
1,3,0,4,0.6486486486,0.375,0.8108108108,0.8,0,0.5714285714,0.9018302829,0.3333333333
4,2,0,4,0.9009009009,0.375,0.8108108108,0.8,0,0.5714285714,0.6539101498,0.75
4,2,0,4,0.5585585586,0.1875,0.9336609337,0.8,0,0.5714285714,0.4584026622,1
2,1,0,4,1,0.1875,0.8108108108,0.8,0,0.5714285714,0.7454242928,0.75
1,3,0,2,0.4234234234,1,0.8108108108,0.8,0,0.5714285714,0.7828618968,0.75
4,2,0,0,0.8108108108,0,0.8108108108,0.8,0,0.5714285714,0.8086522463,0.5
2,1,0,2,0.963963964,0.375,0.8108108108,0.8,0,0.5714285714,0.853577371,0.3333333333
4,2,0,0,0.4414414414,0,0.9336609337,0.6,0,0.4285714286,0.4126455907,0.5
7,4,1,4,0.6396396396,0.25,0.9336609337,0,0,0,0.6747088186,0.5
5,2,1,0,0.4414414414,0,0.9336609337,0.8,0,0.5714285714,0.4292845258,1
4,2,0,1,0.3963963964,1,0.9336609337,0.8,0,0.5714285714,0.7154742097,0.5
1,3,0,4,0.3963963964,0.375,0.9336609337,0.8,0,0.5714285714,0.6356073211,0.75
2,1,0,3,0.5495495495,1,0.9336609337,0,0,0,0.7171381032,0.5
6,4,1,3,0.5675675676,0.25,0.9336609337,0.8,0,0.5714285714,0.4026622296,1
6,4,1,3,0.5675675676,0.25,0.9336609337,0.8,0,0.5714285714,0.6722129784,0.3333333333
2,1,0,3,0.5495495495,1,0.9336609337,0,0,0,0.7088186356,0.5
5,2,1,3,0.5945945946,0.25,0.9336609337,0.8,0,0.5714285714,0.6730449251,0.3333333333
4,2,0,1,0.5135135135,0.375,0.9336609337,0.8,0,0.5714285714,0.8743760399,0.3333333333
7,4,1,3,0.6306306306,0.625,0.9336609337,0,1,1,0.6638935108,0.5
4,2,0,1,0.4234234234,0.25,0.9336609337,1,0,0.7142857143,0.4159733777,1
1,3,0,2,0.4234234234,1,0.8108108108,0.8,0,0.5714285714,0.3976705491,0.75
4,2,0,4,0.4684684685,0.1875,0.9336609337,0,0,0,0.5890183028,1
5,2,1,4,0.5045045045,0.1875,0.9336609337,0.8,0,0.5714285714,0.68718802,0.3333333333
7,4,1,3,0.6936936937,0.25,0.9336609337,1,0,0.7142857143,0.6589018303,0.5
4,2,0,2,0.8558558559,0.375,0.8108108108,0.8,0,0.5714285714,0.7811980033,0.75
4,2,1,4,0.4324324324,0.1875,1,0.8,0,0.5714285714,0.6505823627,0.3333333333
4,2,0,0,0.4414414414,0,0.9336609337,1,0,0.7142857143,0.4159733777,1
1,3,0,2,0.4234234234,1,0.8108108108,0.8,0,0.5714285714,0.4467554077,0.5
4,2,0,2,0.8558558559,0.375,0.8108108108,0.8,0,0.5714285714,0.6838602329,0.5
6,4,1,0,0.6486486486,0,0.9336609337,0.8,0,0.5714285714,0.6572379368,0.3333333333
5,2,1,3,0.4684684685,0.625,0.9336609337,0.8,0,0.5714285714,0.7795341098,0.75
4,2,0,4,0.4234234234,0.375,0.9336609337,0.8,0,0.5714285714,0.6722129784,0.75
2,1,0,1,0.6846846847,1,0.8108108108,0.8,0,0.5714285714,0.8743760399,0.3333333333
5,2,1,3,0.5225225225,0.625,0.9336609337,0.8,0,0.5714285714,0.462562396,0.5
4,2,0,0,0.5135135135,0,0.9336609337,0.8,0,0.5714285714,0.8069883527,0.5
3,4,1,3,0.6306306306,0.625,1,0.8,0,0.5714285714,0.4051580699,1
5,2,1,3,0.4864864865,0.25,0.9336609337,0.8,0,0.5714285714,0.6763727121,1
1,3,0,2,0.3693693694,0.375,0.9336609337,0.8,0,0.5714285714,0.4076539101,0.5
4,2,0,2,0.8558558559,0.375,0.8108108108,0.8,0,0.5714285714,0.6489184692,0.75
2,1,0,0,0.8828828829,0,0.8108108108,0.8,0,0.5714285714,0.724625624,0.5
5,2,1,3,0.5315315315,0.25,0.9336609337,0.8,0,0.5714285714,0.391014975,0.5
1,3,0,1,0.3693693694,0.375,0.9336609337,0.8,0,0.5714285714,0.4118136439,0.75
4,2,0,0,0.8918918919,0,0.8108108108,0.8,0,0.5714285714,0.465890183,1
2,1,0,3,0.5495495495,1,0.9336609337,0,0,0,0.4534109817,1
4,2,1,3,0.3963963964,1,1,0.8,0,0.5714285714,0.5873544093,1
7,4,1,1,0.6846846847,0.25,0.9336609337,1,0,0.7142857143,0.5765391015,1
3,4,1,0,0.6576576577,0,1,0.8,0,0.5714285714,0.6231281198,1
2,1,0,1,0.6846846847,1,0.8108108108,0.8,0,0.5714285714,0.846921797,0.5
4,2,0,0,0.8108108108,0,0.8108108108,0.8,0,0.5714285714,0.4475873544,0.5
5,2,1,4,0.4864864865,0.25,0.9336609337,0.8,0,0.5714285714,0.6713810316,1
2,1,0,0,0.6126126126,0,0.9336609337,0,0,0,0.7237936772,0.5
5,2,1,0,0.4594594595,0,0.9336609337,0.8,0,0.5714285714,0.4309484193,0.5
1,3,0,0,0.5945945946,0,0.8108108108,0.8,0,0.5714285714,0.8211314476,0.5
3,4,1,1,0.8288288288,0.25,0.9336609337,0,0,0,0.8219633943,0.3333333333
4,2,0,4,0.4414414414,0.1875,0.9336609337,1,0,0.7142857143,0.4159733777,0.5
7,4,1,3,0.6036036036,1,0.9336609337,0,1,1,0.3868552413,1
4,2,0,0,0.3963963964,0,0.9336609337,0.8,0,0.5714285714,0.3993344426,0.75
4,2,0,4,0.9009009009,0.375,0.8108108108,0.8,0,0.5714285714,0.4267886855,0.75
4,2,0,2,0.4684684685,0.375,0.9336609337,0.8,0,0.5714285714,0.881031614,0.3333333333
7,4,1,4,0.6486486486,0.25,0.9336609337,0,1,1,0.6672212978,0.3333333333
3,4,1,3,0.6306306306,0.625,1,0.8,0,0.5714285714,0.4783693844,0.5
3,4,1,3,0.6396396396,0.25,1,0.8,0,0.5714285714,0.6888519135,0.5
4,2,0,0,0.4414414414,0,0.9336609337,0.6,0,0.4285714286,0.4159733777,1
1,3,0,0,0.5945945946,0,0.8108108108,0.8,0,0.5714285714,0.6930116473,0.5
4,2,0,2,0.4684684685,0.375,0.9336609337,0.8,0,0.5714285714,0.7978369384,0.5
4,2,1,4,0.4234234234,0.25,1,0.8,0,0.5714285714,0.3801996672,1
2,1,0,4,0.9459459459,0.375,0.8108108108,0.8,0,0.5714285714,0.4400998336,1
4,2,0,1,0.7387387387,1,0.8108108108,0.8,0,0.5714285714,0.7870216306,0.75
1,3,0,1,0.5585585586,0.375,0.8108108108,0.8,0,0.5714285714,0.3985024958,1
2,1,0,0,0.5225225225,0,0.9336609337,0.8,0,0.5714285714,0.4875207987,0.75
3,4,1,3,0.6306306306,0.625,1,0.8,0,0.5714285714,0.6930116473,0.5
2,1,0,3,0.5495495495,1,0.9336609337,0,0,0,0.4825291181,0.5
7,4,1,1,0.6396396396,0.25,0.9336609337,0,1,1,0.6014975042,1
1,3,0,4,0.3963963964,0.375,0.9336609337,0.8,0,0.5714285714,0.7237936772,0.5
5,2,1,0,0.5045045045,0,0.9336609337,0.8,0,0.5714285714,0.7371048253,0.5
2,1,0,1,0.4594594595,1,0.9336609337,0.8,0,0.5714285714,0.7703826955,0.75
5,2,1,0,0.5045045045,0,0.9336609337,0.8,0,0.5714285714,0.6638935108,0.3333333333
2,1,0,0,0.5225225225,0,0.9336609337,0.8,0,0.5714285714,0.7004991681,0.3333333333
4,2,1,4,0.4234234234,0.25,1,0.8,0,0.5714285714,0.6389351082,0.5
7,4,1,3,0.6306306306,0.625,0.9336609337,0,1,1,0.4026622296,1
3,4,1,3,0.6936936937,1,0.9336609337,0,0,0,0.8153078203,0.5
1,3,0,4,0.4684684685,0.1875,0.9336609337,0.8,0,0.5714285714,0.3868552413,1
4,2,0,4,0.5585585586,0.1875,0.9336609337,0.8,0,0.5714285714,0.7113144759,0.5
5,2,1,3,0.5225225225,0.625,0.9336609337,0.8,0,0.5714285714,0.4309484193,1
2,1,0,1,0.4594594595,1,0.9336609337,0.8,0,0.5714285714,0.6930116473,0.5
5,2,1,3,0.5405405405,1,0.9336609337,0.8,0,0.5714285714,0.3935108153,1
2,1,0,3,0.5945945946,0.25,0.9336609337,0,0,0,0.7096505824,0.3333333333
6,4,1,3,0.5135135135,1,0.9336609337,0.8,0,0.5714285714,0.6580698835,0.5
1,3,0,0,0.5945945946,0,0.8108108108,0.8,0,0.5714285714,0.3951747088,0.75
3,4,1,4,0.7927927928,0.1875,0.9336609337,0,0,0,0.8685524126,0.75
3,4,1,0,0.7567567568,0,0.9336609337,0.8,0,0.5714285714,0.6863560732,0.5
2,1,0,4,0.4864864865,0.375,0.9336609337,0.8,0,0.5714285714,0.6505823627,0.75
4,2,0,3,0.4234234234,0.25,0.9336609337,1,0,0.7142857143,0.6289517471,0.5
5,2,1,3,0.5225225225,0.625,0.9336609337,0.8,0,0.5714285714,0.7013311148,0.5
5,2,1,0,0.5945945946,0,0.9336609337,0.8,0,0.5714285714,0.4143094842,0.5
7,4,1,4,0.6846846847,0.1875,0.9336609337,1,0,0.7142857143,0.6281198003,0.3333333333
1,3,0,2,0.5405405405,0.375,0.8108108108,0.8,0,0.5714285714,0.7479201331,0.75
2,1,0,1,0.4594594595,1,0.9336609337,0.8,0,0.5714285714,0.4159733777,1
5,2,1,3,0.5495495495,0.25,0.9336609337,0.8,0,0.5714285714,0.455906822,0.5
2,1,0,2,0.4774774775,0.375,0.9336609337,0.8,0,0.5714285714,0.4326123128,1
4,2,0,3,0.3423423423,1,0.9336609337,1,0,0.7142857143,0.5906821963,1
4,2,0,1,0.3963963964,1,0.9336609337,0.8,0,0.5714285714,0.7703826955,0.75
8,1,1,3,0.2882882883,0.25,0.9336609337,0.8,0,0.5714285714,0.6755407654,1
5,2,1,3,0.3963963964,1,0.9336609337,0.8,0,0.5714285714,0.4442595674,1
1,3,0,2,0.3693693694,0.375,0.9336609337,0.8,0,0.5714285714,0.3885191348,1
4,2,0,1,0.4684684685,0.25,0.9336609337,0,0,0,0.5881863561,1
5,2,1,3,0.5405405405,1,0.9336609337,0.8,0,0.5714285714,0.4459234609,0.5
1,3,0,2,0.2477477477,1,0.9336609337,0.8,0,0.5714285714,0.418469218,0.5
2,1,0,4,0.9459459459,0.375,0.8108108108,0.8,0,0.5714285714,0.727953411,0.5
3,4,1,4,0.7927927928,0.25,0.9336609337,0,0,0,0.8169717138,0.5
2,1,0,4,1,0.1875,0.8108108108,0.8,0,0.5714285714,0.9168053245,0.3333333333
7,4,1,1,0.6846846847,0.25,0.9336609337,1,0,0.7142857143,0.6131447587,0.5
4,2,0,0,0.5135135135,0,0.9336609337,0.8,0,0.5714285714,0.4309484193,0.5
2,1,0,1,0.5045045045,0.375,0.9336609337,0.8,0,0.5714285714,0.4600665557,0.75
4,2,0,0,0.8108108108,0,0.8108108108,0.8,0,0.5714285714,0.4534109817,1
1,3,0,1,0.3963963964,1,0.9336609337,0.8,0,0.5714285714,0.8211314476,0.75
2,1,0,2,0.8918918919,1,0.8108108108,0.8,0,0.5714285714,0.4841930116,0.75
4,2,0,0,0.8108108108,0,0.8108108108,0.8,0,0.5714285714,0.6730449251,0.75
4,2,0,1,0.7387387387,1,0.8108108108,0.8,0,0.5714285714,0.4517470882,0.5
1,3,0,4,0.4684684685,0.1875,0.9336609337,0.8,0,0.5714285714,0.7429284526,0.75
3,4,1,3,0.6396396396,0.25,1,0.8,0,0.5714285714,0.4051580699,1
4,2,0,2,0.6846846847,1,0.8108108108,0.8,0,0.5714285714,0.425124792,0.75
4,2,0,0,0.8918918919,0,0.8108108108,0.8,0,0.5714285714,0.8277870216,0.5
5,2,1,3,0.5495495495,0.25,0.9336609337,0.8,0,0.5714285714,0.4425956739,1
1,3,0,0,0.3963963964,0,0.9336609337,0.8,0,0.5714285714,0.425124792,0.5
5,2,1,1,0.4954954955,1,0.9336609337,0.8,0,0.5714285714,0.7362728785,0.5
5,2,1,3,0.4144144144,1,0.9336609337,0.8,0,0.5714285714,0.6921797005,0.3333333333
5,2,1,3,0.4864864865,0.25,0.9336609337,0.8,0,0.5714285714,0.7470881864,0.5
5,2,1,3,0.4774774775,1,0.9336609337,0.8,0,0.5714285714,0.6372712146,1
8,1,1,3,0.2252252252,1,0.9336609337,0.8,0,0.5714285714,0.4351081531,0.5
7,4,1,0,0.7297297297,0,0.9336609337,0.6,0,0.4285714286,0.3951747088,0.5
2,1,0,0,0.9279279279,0,0.8108108108,0.8,0,0.5714285714,0.7470881864,0.75
4,2,1,1,0.4324324324,0.25,1,0.8,0,0.5714285714,0.6805324459,0.5
1,3,0,1,0.3693693694,0.375,0.9336609337,0.8,0,0.5714285714,0.6697171381,0.3333333333
7,4,1,3,0.7027027027,0.25,0.9336609337,0,0,0,0.6722129784,0.5
5,2,1,3,0.5495495495,0.25,0.9336609337,0.8,0,0.5714285714,0.7262895175,0.5
4,2,0,1,0.7387387387,1,0.8108108108,0.8,0,0.5714285714,0.6613976705,0.75
7,4,1,0,0.7297297297,0,0.9336609337,0.6,0,0.4285714286,0.3835274542,1
3,4,1,4,0.6126126126,0.25,1,0.8,0,0.5714285714,0.7204658902,0.3333333333
4,2,0,0,0.4684684685,0,0.9336609337,0,0,0,0.6422628952,0.3333333333
4,2,0,4,0.4684684685,0.1875,0.9336609337,0,0,0,0.6572379368,0.3333333333
3,4,1,1,0.6576576577,0.25,1,0.8,0,0.5714285714,0.6214642263,1
7,4,1,0,0.6936936937,0,0.9336609337,1,0,0.7142857143,0.3901830283,0.5
7,4,1,1,0.6036036036,1,0.9336609337,0,1,1,0.4126455907,0.5
1,3,0,0,0.6306306306,0,0.8108108108,0.8,0,0.5714285714,0.6605657238,0.3333333333
5,2,1,3,0.4684684685,1,0.9336609337,0.8,0,0.5714285714,0.6896838602,0.5
3,4,1,1,0.8288288288,0.25,0.9336609337,0,0,0,0.6930116473,1
8,1,1,0,0.3063063063,0,0.9336609337,0.8,0,0.5714285714,0.6663893511,1
4,2,0,2,0.4684684685,0.375,0.9336609337,0.8,0,0.5714285714,0.7678868552,0.75
3,4,1,4,0.6126126126,0.25,1,0.8,0,0.5714285714,0.6780366057,0.5
2,1,0,2,0.8918918919,1,0.8108108108,0.8,0,0.5714285714,0.7071547421,0.5
2,1,0,2,0.8918918919,1,0.8108108108,0.8,0,0.5714285714,0.4242928453,1
4,2,0,3,0.4414414414,0.625,0.9336609337,0,0,0,0.5890183028,1
5,2,1,0,0.4594594595,0,0.9336609337,0.8,0,0.5714285714,0.6106489185,1
2,1,0,0,0.9279279279,0,0.8108108108,0.8,0,0.5714285714,0.8685524126,0.3333333333
5,2,1,1,0.4954954955,1,0.9336609337,0.8,0,0.5714285714,0.7487520799,0.3333333333
2,1,0,1,0.5045045045,0.375,0.9336609337,0.8,0,0.5714285714,0.7445923461,0.3333333333
2,1,0,0,0.5225225225,0,0.9336609337,0.8,0,0.5714285714,0.8627287854,0.3333333333
5,2,1,3,0.4774774775,1,0.9336609337,0.8,0,0.5714285714,0.4617304493,0.5
2,1,0,0,0.5225225225,0,0.9336609337,0.8,0,0.5714285714,0.428452579,1
4,2,0,1,0.4684684685,1,0.9336609337,0,0,0,0.4126455907,0.5
5,2,1,4,0.5045045045,0.1875,0.9336609337,0.8,0,0.5714285714,0.7595673877,0.5
1,3,0,0,0.3963963964,0,0.9336609337,0.8,0,0.5714285714,0.8693843594,0.75
7,4,1,0,0.7297297297,0,0.9336609337,0.6,0,0.4285714286,0.6422628952,0.3333333333
6,4,1,0,0.6486486486,0,0.9336609337,0.8,0,0.5714285714,0.4193011647,0.3333333333
5,2,1,0,0.4414414414,0,0.9336609337,0.8,0,0.5714285714,0.6863560732,0.5
2,1,0,4,0.9459459459,0.375,0.8108108108,0.8,0,0.5714285714,0.6638935108,0.75
4,2,0,4,0.9009009009,0.375,0.8108108108,0.8,0,0.5714285714,0.7886855241,0.75
2,1,0,4,0.5225225225,0.1875,0.9336609337,0.8,0,0.5714285714,0.8178036606,0.5
4,2,0,0,0.4414414414,0,0.9336609337,1,0,0.7142857143,0.5906821963,1
5,2,1,1,0.5045045045,0.25,0.9336609337,0.8,0,0.5714285714,0.6913477537,0.3333333333
4,2,0,4,0.5585585586,0.1875,0.9336609337,0.8,0,0.5714285714,0.4259567388,0.5
2,1,0,2,0.8918918919,1,0.8108108108,0.8,0,0.5714285714,0.8851913478,0.3333333333
1,3,0,0,0.4054054054,0,0.9336609337,0.8,0,0.5714285714,0.8344425957,0.3333333333
4,2,0,4,0.4234234234,0.375,0.9336609337,0.8,0,0.5714285714,0.4450915141,0.5
4,2,0,0,0.4414414414,0,0.9336609337,0.6,0,0.4285714286,0.5906821963,1
3,4,1,3,0.7387387387,0.625,0.9336609337,0,0,0,0.6930116473,1
2,1,0,2,0.8918918919,1,0.8108108108,0.8,0,0.5714285714,0.8261231281,0.5
4,2,0,2,0.8558558559,0.375,0.8108108108,0.8,0,0.5714285714,0.4425956739,0.75
6,4,1,3,0.5675675676,0.25,0.9336609337,0.8,0,0.5714285714,0.6697171381,0.5
4,2,0,1,0.4684684685,1,0.9336609337,0,0,0,0.6780366057,0.5
1,3,0,0,0.4054054054,0,0.9336609337,0.8,0,0.5714285714,0.7903494176,0.5
1,3,0,4,0.6846846847,0.1875,0.8108108108,0.8,0,0.5714285714,0.6813643927,0.5
2,1,0,0,0.5225225225,0,0.9336609337,0.8,0,0.5714285714,0.4550748752,0.5
3,4,1,3,0.6036036036,1,1,0.8,0,0.5714285714,0.7129783694,0.3333333333
4,2,1,3,0.4324324324,0.25,1,0.8,0,0.5714285714,0.6514143095,0.3333333333
1,3,0,1,0.3963963964,1,0.9336609337,0.8,0,0.5714285714,0.68718802,0.3333333333
2,1,0,2,0.4774774775,0.375,0.9336609337,0.8,0,0.5714285714,0.8643926789,0.3333333333
3,4,1,0,0.6576576577,0,1,0.8,0,0.5714285714,0.6930116473,0.5
4,2,1,3,0.4324324324,0.25,1,0.8,0,0.5714285714,0.6846921797,0.5
2,1,0,0,0.5225225225,0,0.9336609337,0.8,0,0.5714285714,0.8277870216,0.5
6,4,1,3,0.5675675676,0.625,0.9336609337,0.8,0,0.5714285714,0.4168053245,0.3333333333
5,2,1,3,0.4774774775,1,0.9336609337,0.8,0,0.5714285714,0.6838602329,0.3333333333
5,2,1,4,0.5045045045,0.1875,0.9336609337,0.8,0,0.5714285714,0.6755407654,1
4,2,0,0,0.5135135135,0,0.9336609337,0.8,0,0.5714285714,0.6555740433,0.75
5,2,1,3,0.3603603604,1,0.9336609337,0.8,0,0.5714285714,0.6963394343,0.5
4,2,0,3,0.4414414414,0.625,0.9336609337,0,0,0,0.7029950083,0.5
2,1,0,1,0.4594594595,1,0.9336609337,0.8,0,0.5714285714,0.9409317804,0.3333333333
4,2,0,1,0.5135135135,0.375,0.9336609337,0.8,0,0.5714285714,0.4742096506,1
3,4,1,3,0.6036036036,1,1,0.8,0,0.5714285714,0.6888519135,0.5
4,2,0,1,0.7387387387,1,0.8108108108,0.8,0,0.5714285714,0.7146422629,0.3333333333
5,2,1,3,0.4054054054,0.25,0.9336609337,0.8,0,0.5714285714,0.4434276206,0.5
5,2,1,1,0.4504504505,1,0.9336609337,0,0,0,0.8194675541,0.3333333333
2,1,0,1,0.6846846847,1,0.8108108108,0.8,0,0.5714285714,0.7138103161,0.5
4,2,1,1,0.4144144144,1,1,0.8,0,0.5714285714,0.425124792,0.5
7,4,1,3,0.6306306306,0.625,0.9336609337,0,1,1,0.6114808652,1
4,2,1,1,0.4324324324,0.25,1,0.8,0,0.5714285714,0.6613976705,0.3333333333
4,2,0,4,0.5585585586,0.1875,0.9336609337,0.8,0,0.5714285714,0.8976705491,0.3333333333
4,2,0,1,0.3873873874,1,0.9336609337,1,0,0.7142857143,0.6306156406,0.5
1,3,0,1,0.5585585586,0.375,0.8108108108,0.8,0,0.5714285714,0.6763727121,0.3333333333
1,3,0,0,0.6306306306,0,0.8108108108,0.8,0,0.5714285714,0.653078203,0.75
5,2,1,3,0.5495495495,0.25,0.9336609337,0.8,0,0.5714285714,0.4367720466,1
2,1,0,2,0.8918918919,1,0.8108108108,0.8,0,0.5714285714,0.7420965058,0.3333333333
2,1,0,3,0.5495495495,1,0.9336609337,0,0,0,0.6297836938,1
7,4,1,3,0.7117117117,1,0.9336609337,1,0,0.7142857143,0.6772046589,0.3333333333
7,4,1,3,0.6576576577,0.25,0.9336609337,0,1,1,0.4367720466,0.5
3,4,1,0,0.7567567568,0,0.9336609337,0.8,0,0.5714285714,0.6206322795,1
4,2,0,4,0.5585585586,0.1875,0.9336609337,0.8,0,0.5714285714,0.8044925125,0.5
1,3,0,0,0.6306306306,0,0.8108108108,0.8,0,0.5714285714,0.6738768719,0.5
5,2,1,3,0.4504504505,0.25,0.9336609337,0.8,0,0.5714285714,0.4376039933,0.5
3,4,1,1,0.6576576577,0.25,1,0.8,0,0.5714285714,0.4650582363,0.5
4,2,0,4,0.9009009009,0.375,0.8108108108,0.8,0,0.5714285714,0.4459234609,0.5
5,2,1,1,0.5045045045,0.25,0.9336609337,0.8,0,0.5714285714,0.7470881864,0.5
5,2,1,3,0.3963963964,1,0.9336609337,0.8,0,0.5714285714,0.6805324459,0.5
5,2,1,3,0.4774774775,1,0.9336609337,0.8,0,0.5714285714,0.4584026622,0.5
2,1,0,1,0.6846846847,1,0.8108108108,0.8,0,0.5714285714,0.4850249584,0.75
1,3,0,0,0.3963963964,0,0.9336609337,0.8,0,0.5714285714,0.6797004992,0.5
4,2,0,4,1,0.1875,0.8108108108,0.8,0,0.5714285714,0.425124792,0.5
1,3,0,4,0.3963963964,0.375,0.9336609337,0.8,0,0.5714285714,0.4043261231,1
2,1,0,2,0.4774774775,0.375,0.9336609337,0.8,0,0.5714285714,0.4467554077,0.75
4,2,0,3,0.4684684685,0.25,0.9336609337,0,0,0,0.4209650582,1
5,2,1,3,0.3153153153,0.25,0.9336609337,0.8,0,0.5714285714,0.6730449251,0.5
4,2,0,2,0.8558558559,0.375,0.8108108108,0.8,0,0.5714285714,0.6921797005,0.3333333333
2,1,0,0,0.8828828829,0,0.8108108108,0.8,0,0.5714285714,0.4118136439,1
1,3,0,0,0.4054054054,0,0.9336609337,0.8,0,0.5714285714,0.4101497504,0.75
2,1,0,1,0.5045045045,0.375,0.9336609337,0.8,0,0.5714285714,0.4259567388,0.5
8,1,1,3,0.2252252252,1,0.9336609337,0.8,0,0.5714285714,0.4584026622,1
7,4,1,3,0.6576576577,0.625,0.9336609337,0,0,0,0.6713810316,0.5
2,1,0,2,0.4594594595,1,0.9336609337,0.8,0,0.5714285714,0.4159733777,1
2,1,0,3,0.5945945946,0.25,0.9336609337,0,0,0,0.7104825291,0.5
1,3,0,0,0.4054054054,0,0.9336609337,0.8,0,0.5714285714,0.3993344426,0.5
3,4,1,3,0.8288288288,0.25,0.9336609337,0,0,0,0.8053244592,0.5
4,2,0,3,0.3423423423,1,0.9336609337,1,0,0.7142857143,0.608985025,0.3333333333
4,2,0,1,0.3963963964,1,0.9336609337,0.8,0,0.5714285714,0.659733777,0.75
7,4,1,0,0.7027027027,0,0.9336609337,0,0.7142857143,0.7142857143,0.3835274542,1
2,1,0,2,0.8918918919,1,0.8108108108,0.8,0,0.5714285714,0.6572379368,0.75
5,2,1,1,0.5045045045,0.25,0.9336609337,0.8,0,0.5714285714,0.6713810316,1
7,4,1,3,0.6036036036,1,0.9336609337,0,1,1,0.6655574043,0.5
4,2,1,4,0.4234234234,0.25,1,0.8,0,0.5714285714,0.3735440932,0.5
4,2,0,0,0.8108108108,0,0.8108108108,0.8,0,0.5714285714,0.891014975,0.3333333333
7,4,1,3,0.6576576577,0.625,0.9336609337,1,0,0.7142857143,0.6297836938,0.5
4,2,0,3,0.4054054054,1,0.9336609337,0,0,0,0.4234608985,1
4,2,0,2,0.6846846847,1,0.8108108108,0.8,0,0.5714285714,0.6472545757,0.75
5,2,1,3,0.5945945946,0.25,0.9336609337,0.8,0,0.5714285714,0.4392678869,1
1,3,0,2,0.5405405405,0.375,0.8108108108,0.8,0,0.5714285714,0.4018302829,1
2,1,0,1,0.9279279279,0.375,0.8108108108,0.8,0,0.5714285714,0.8668885191,0.3333333333
4,2,1,1,0.4324324324,0.25,1,0.8,0,0.5714285714,0.5865224626,1
4,2,0,1,0.3873873874,1,0.9336609337,1,0,0.7142857143,0.6098169717,0.3333333333
1,3,0,1,0.5378378378,1,0.8108108108,0.8,0,0.5714285714,0.3976705491,0.75
5,2,1,3,0.5315315315,0.25,0.9336609337,0.8,0,0.5714285714,0.6647254576,0.5
4,2,1,0,0.5045045045,0,0.9336609337,0.8,0,0.5714285714,0.5948419301,1
2,1,0,4,0.9459459459,0.375,0.8108108108,0.8,0,0.5714285714,0.690515807,0.3333333333
2,1,0,2,0.963963964,0.375,0.8108108108,0.8,0,0.5714285714,0.7945091514,0.5
2,1,0,2,0.4594594595,1,0.9336609337,0.8,0,0.5714285714,0.7221297837,0.3333333333
3,4,1,1,0.7297297297,1,0.9336609337,0,0,0,0.8111480865,0.75
1,3,0,0,0.4054054054,0,0.9336609337,0.8,0,0.5714285714,0.6306156406,0.75
3,4,1,3,0.6036036036,1,1,0.8,0,0.5714285714,0.622296173,1
1,3,0,1,0.5585585586,0.375,0.8108108108,0.8,0,0.5714285714,0.4076539101,0.5
3,4,1,4,0.6576576577,0.1875,1,0.8,0,0.5714285714,0.7212978369,0.3333333333
2,1,0,2,0.8918918919,1,0.8108108108,0.8,0,0.5714285714,0.7695507488,0.75
1,3,0,1,0.3693693694,0.375,0.9336609337,0.8,0,0.5714285714,0.6722129784,0.5
2,1,0,3,0.5495495495,1,0.9336609337,0,0,0,0.7237936772,0.3333333333
5,2,1,3,0.4774774775,1,0.9336609337,0.8,0,0.5714285714,0.4309484193,1
4,2,0,1,0.4234234234,0.25,0.9336609337,1,0,0.7142857143,0.4242928453,0.5
4,2,0,1,0.3873873874,1,0.9336609337,1,0,0.7142857143,0.4159733777,1
7,4,1,4,0.6846846847,0.1875,0.9336609337,0,1,1,0.3993344426,1
6,4,1,3,0.5675675676,0.625,0.9336609337,0.8,0,0.5714285714,0.3993344426,1
7,4,1,0,0.6936936937,0,0.9336609337,1,0,0.7142857143,0.6455906822,0.3333333333
4,2,0,0,0.4414414414,0,0.9336609337,1,0,0.7142857143,0.6331114809,0.5
7,4,1,0,0.7027027027,0,0.9336609337,0,1,1,0.6638935108,0.5
2,1,0,3,0.5945945946,0.25,0.9336609337,0,0,0,0.6231281198,1
4,2,1,1,0.4144144144,1,1,0.8,0,0.5714285714,0.6755407654,0.5
1,3,0,1,0.3963963964,1,0.9336609337,0.8,0,0.5714285714,0.618968386,0.75
1,3,0,1,0.5378378378,1,0.8108108108,0.8,0,0.5714285714,0.6605657238,0.5
7,4,1,1,0.7117117117,1,0.9336609337,1,0,0.7142857143,0.3752079867,1
4,2,0,3,0.3423423423,1,0.9336609337,1,0,0.7142857143,0.4159733777,1
5,2,1,3,0.4774774775,0.25,0.9336609337,0.8,0,0.5714285714,0.6846921797,0.5
4,2,0,4,0.4234234234,0.375,0.9336609337,0.8,0,0.5714285714,0.7670549085,0.75
4,2,0,0,0.8918918919,0,0.8108108108,0.8,0,0.5714285714,0.4201331115,0.5
7,4,1,3,0.6576576577,0.625,0.9336609337,1,0,0.7142857143,0.5723793677,1
2,1,0,0,0.5225225225,0,0.9336609337,0.8,0,0.5714285714,0.4242928453,0.5
7,4,1,4,0.6486486486,0.25,0.9336609337,0,1,1,0.4034941764,0.5
4,2,0,4,0.4144144144,0.25,0.9336609337,1,0,0.7142857143,0.5890183028,0.3333333333
2,1,0,3,0.5945945946,0.25,0.9336609337,0,0,0,0.4650582363,0.5
5,2,1,3,0.3603603604,1,0.9336609337,0.8,0,0.5714285714,0.6821963394,0.3333333333
1,3,0,0,0.6306306306,0,0.8108108108,0.8,0,0.5714285714,0.4126455907,0.75
6,4,1,3,0.5135135135,1,0.9336609337,0.8,0,0.5714285714,0.6006655574,1
3,4,1,0,0.8198198198,0,0.9336609337,0,0,0,0.7088186356,1
2,1,0,1,0.9279279279,0.375,0.8108108108,0.8,0,0.5714285714,0.4342762063,0.5
4,2,0,1,0.7387387387,1,0.8108108108,0.8,0,0.5714285714,0.7104825291,0.5
2,1,0,0,0.5225225225,0,0.9336609337,0.8,0,0.5714285714,0.4342762063,0.75
4,2,0,0,0.5135135135,0,0.9336609337,0.8,0,0.5714285714,0.6747088186,0.5
3,4,1,4,0.7927927928,0.25,0.9336609337,0,0,0,0.8760399334,0.75
1,3,0,1,0.3963963964,1,0.9336609337,0.8,0,0.5714285714,0.3835274542,1
4,2,0,2,0.8558558559,0.375,0.8108108108,0.8,0,0.5714285714,0.4584026622,1
1,3,0,0,0.6306306306,0,0.8108108108,0.8,0,0.5714285714,0.3893510815,0.5
2,1,0,3,0.5945945946,0.25,0.9336609337,0,0,0,0.6198003328,1
6,4,1,0,0.6486486486,0,0.9336609337,0.8,0,0.5714285714,0.5906821963,1
4,2,0,4,1,0.1875,0.8108108108,0.8,0,0.5714285714,0.8793677205,0.3333333333
5,2,1,3,0.2972972973,1,0.9336609337,0.8,0,0.5714285714,0.6705490849,0.5
5,2,1,0,0.5495495495,0,0.9336609337,0.8,0,0.5714285714,0.6946755408,0.5
2,1,0,1,0.4594594595,1,0.9336609337,0.8,0,0.5714285714,0.6647254576,0.75
3,4,1,4,0.7927927928,0.1875,0.9336609337,0,0,0,0.7038269551,1
5,2,1,3,0.4684684685,1,0.9336609337,0.8,0,0.5714285714,0.6289517471,1
4,2,0,2,0.6846846847,1,0.8108108108,0.8,0,0.5714285714,0.4833610649,0.5
5,2,1,1,0.4864864865,0.25,0.9336609337,0,0,0,0.7712146423,0.5
1,3,0,2,0.2477477477,1,0.9336609337,0.8,0,0.5714285714,0.8219633943,0.5
7,4,1,0,0.7027027027,0,0.9336609337,0,0.7142857143,0.7142857143,0.6489184692,0.3333333333
4,2,0,0,0.8108108108,0,0.8108108108,0.8,0,0.5714285714,0.7171381032,0.5
3,4,1,1,0.6216216216,1,1,0.8,0,0.5714285714,0.6813643927,0.5
5,2,1,3,0.5405405405,1,0.9336609337,0.8,0,0.5714285714,0.6846921797,0.3333333333
4,2,1,0,0.4324324324,0,1,0.8,0,0.5714285714,0.6422628952,0.3333333333
7,4,1,4,0.6396396396,0.25,0.9336609337,0,0,0,0.7013311148,0.375
4,2,1,0,0.4324324324,0,1,0.8,0,0.5714285714,0.5898502496,1
2,1,0,4,0.5225225225,0.1875,0.9336609337,0.8,0,0.5714285714,0.4425956739,0.75
5,2,1,3,0.5225225225,0.625,0.9336609337,0.8,0,0.5714285714,0.7104825291,0.5
1,3,0,4,0.4684684685,0.1875,0.9336609337,0.8,0,0.5714285714,0.7113144759,0.5
7,4,1,4,0.6396396396,0.25,0.9336609337,1,0,0.7142857143,0.608985025,0.3333333333
5,2,1,3,0.5495495495,0.25,0.9336609337,0.8,0,0.5714285714,0.7113144759,0.5
2,1,0,1,0.5045045045,0.375,0.9336609337,0.8,0,0.5714285714,0.6589018303,0.75
4,2,1,3,0.3963963964,1,1,0.8,0,0.5714285714,0.6880199667,0.5
1,3,0,2,0.3693693694,0.375,0.9336609337,0.8,0,0.5714285714,0.6738768719,0.3333333333
5,2,1,1,0.4504504505,1,0.9336609337,0,0,0,0.6763727121,1
5,2,1,0,0.4414414414,0,0.9336609337,0.8,0,0.5714285714,0.6281198003,1
8,1,1,3,0.2252252252,1,0.9336609337,0.8,0,0.5714285714,0.6772046589,1
4,2,1,3,0.4324324324,0.25,1,0.8,0,0.5714285714,0.4242928453,0.5
5,2,1,3,0.3963963964,1,0.9336609337,0.8,0,0.5714285714,0.4500831947,0.5
6,4,1,3,0.5135135135,1,0.9336609337,0.8,0,0.5714285714,0.6855241265,0.3333333333
2,1,0,3,0.5945945946,0.25,0.9336609337,0,0,0,0.4584026622,1
3,4,1,3,0.8288288288,0.25,0.9336609337,0,0,0,0.8485856905,0.3333333333
4,2,0,4,0.5585585586,0.1875,0.9336609337,0.8,0,0.5714285714,0.7712146423,0.75
1,3,0,0,0.5945945946,0,0.8108108108,0.8,0,0.5714285714,0.6522462562,0.3333333333
2,1,0,4,1,0.1875,0.8108108108,0.8,0,0.5714285714,0.727953411,0.3333333333
1,3,0,4,0.6846846847,0.1875,0.8108108108,0.8,0,0.5714285714,0.7953410982,0.5
4,2,0,3,0.3423423423,1,0.9336609337,1,0,0.7142857143,0.4143094842,0.5
5,2,1,1,0.4864864865,0.25,0.9336609337,0,0,0,0.8086522463,0.75
3,4,1,0,0.7567567568,0,0.9336609337,0.8,0,0.5714285714,0.7138103161,0.3333333333
2,1,0,4,0.4864864865,0.375,0.9336609337,0.8,0,0.5714285714,0.7104825291,0.5
5,2,1,4,0.5045045045,0.1875,0.9336609337,0.8,0,0.5714285714,0.7836938436,0.75
7,4,1,0,0.7297297297,0,0.9336609337,0.6,0,0.4285714286,0.574875208,1
2,1,0,0,0.5225225225,0,0.9336609337,0.8,0,0.5714285714,0.9026622296,0.3333333333
6,4,1,3,0.5675675676,0.25,0.9336609337,0.8,0,0.5714285714,0.5848585691,1
1,3,0,1,0.3693693694,0.375,0.9336609337,0.8,0,0.5714285714,0.7529118136,0.75
4,2,0,4,1,0.1875,0.8108108108,0.8,0,0.5714285714,0.4450915141,0.75
4,2,0,2,0.4684684685,0.375,0.9336609337,0.8,0,0.5714285714,0.6805324459,0.3333333333
4,2,0,4,0.5045045045,0.25,0.9336609337,0,0,0,0.6389351082,0.3333333333
1,3,0,4,0.6486486486,0.375,0.8108108108,0.8,0,0.5714285714,0.6339434276,0.75
5,2,1,3,0.4144144144,1,0.9336609337,0.8,0,0.5714285714,0.6247920133,1
7,4,1,4,0.6846846847,0.1875,0.9336609337,0,1,1,0.6056572379,1
4,2,1,1,0.4144144144,1,1,0.8,0,0.5714285714,0.6688851913,0.3333333333
7,4,1,3,0.6576576577,0.25,0.9336609337,0,1,1,0.5956738769,1
6,4,1,3,0.5675675676,0.25,0.9336609337,0.8,0,0.5714285714,0.6555740433,0.5
7,4,1,4,0.6846846847,0.1875,0.9336609337,1,0,0.7142857143,0.387687188,1
3,4,1,0,0.6576576577,0,1,0.8,0,0.5714285714,0.7179700499,0.3333333333
5,2,1,3,0.4504504505,0.25,0.9336609337,0.8,0,0.5714285714,0.4326123128,1
1,3,0,4,0.4684684685,0.1875,0.9336609337,0.8,0,0.5714285714,0.6722129784,0.3333333333
1,3,0,4,0.6486486486,0.375,0.8108108108,0.8,0,0.5714285714,0.4309484193,0.5
4,2,1,0,0.4324324324,0,1,0.8,0,0.5714285714,0.418469218,0.5
4,2,0,2,0.8558558559,0.375,0.8108108108,0.8,0,0.5714285714,0.8103161398,0.5
1,3,0,2,0.5405405405,0.375,0.8108108108,0.8,0,0.5714285714,0.6772046589,0.3333333333
3,4,1,0,0.6576576577,0,1,0.8,0,0.5714285714,0.4467554077,0.5
4,2,0,2,0.6846846847,1,0.8108108108,0.8,0,0.5714285714,0.7787021631,0.5
5,2,1,1,0.4954954955,1,0.9336609337,0.8,0,0.5714285714,0.6663893511,1
5,2,1,3,0.4774774775,0.25,0.9336609337,0.8,0,0.5714285714,0.4450915141,1
5,2,1,3,0.3153153153,0.25,0.9336609337,0.8,0,0.5714285714,0.6605657238,0.3333333333
6,4,1,3,0.5675675676,0.25,0.9336609337,0.8,0,0.5714285714,0.4051580699,0.3333333333
6,4,1,3,0.5675675676,0.25,0.9336609337,0.8,0,0.5714285714,0.4001663894,1
4,2,0,3,0.4684684685,0.25,0.9336609337,0,0,0,0.5865224626,1
7,4,1,3,0.6036036036,1,0.9336609337,0,1,1,0.6613976705,0.3333333333
1,3,0,1,0.5378378378,1,0.8108108108,0.8,0,0.5714285714,0.7986688852,0.5
5,2,1,3,0.4504504505,0.25,0.9336609337,0.8,0,0.5714285714,0.6797004992,0.5
5,2,1,0,0.5315315315,0,0.9336609337,0.8,0,0.5714285714,0.6630615641,0.3333333333
3,4,1,1,0.8288288288,0.25,0.9336609337,0,0,0,0.7886855241,0.5
4,2,0,0,0.8108108108,0,0.8108108108,0.8,0,0.5714285714,0.6963394343,0.3333333333
4,2,1,3,0.3963963964,1,1,0.8,0,0.5714285714,0.3968386023,1
2,1,0,1,0.5045045045,0.375,0.9336609337,0.8,0,0.5714285714,0.428452579,1
7,4,1,1,0.6396396396,0.25,0.9336609337,0,1,1,0.4351081531,0.5
5,2,1,0,0.3333333333,0,0.9336609337,0.8,0,0.5714285714,0.4484193012,0.5
7,4,1,3,0.6306306306,0.625,0.9336609337,0,1,1,0.6638935108,0.3333333333
4,2,0,0,0.8918918919,0,0.8108108108,0.8,0,0.5714285714,0.8660565724,0.3333333333
5,2,1,4,0.4864864865,0.25,0.9336609337,0.8,0,0.5714285714,0.6863560732,0.3333333333
3,4,1,4,0.6576576577,0.1875,1,0.8,0,0.5714285714,0.4492512479,0.5
7,4,1,1,0.6846846847,0.25,0.9336609337,1,0,0.7142857143,0.4076539101,0.5
2,1,0,3,0.5495495495,1,0.9336609337,0,0,0,0.6181364393,1
5,2,1,3,0.5495495495,0.25,0.9336609337,0.8,0,0.5714285714,0.646422629,1
6,4,1,0,0.6486486486,0,0.9336609337,0.8,0,0.5714285714,0.4034941764,1
2,1,0,4,0.9459459459,0.375,0.8108108108,0.8,0,0.5714285714,0.9717138103,0.3333333333
1,3,0,4,0.3963963964,0.375,0.9336609337,0.8,0,0.5714285714,0.4267886855,0.5
6,4,1,3,0.5135135135,1,0.9336609337,0.8,0,0.5714285714,0.6838602329,0.3333333333
1,3,0,0,0.4054054054,0,0.9336609337,0.8,0,0.5714285714,0.7512479201,0.75
5,2,1,3,0.4684684685,1,0.9336609337,0.8,0,0.5714285714,0.4326123128,1
6,4,1,3,0.5135135135,1,0.9336609337,0.8,0,0.5714285714,0.3951747088,1
4,2,0,0,0.5135135135,0,0.9336609337,0.8,0,0.5714285714,0.7678868552,0.75
1,3,0,4,0.6846846847,0.1875,0.8108108108,0.8,0,0.5714285714,0.6422628952,0.75
6,4,1,3,0.5675675676,0.625,0.9336609337,0.8,0,0.5714285714,0.6014975042,1
4,2,0,1,0.8918918919,0.375,0.8108108108,0.8,0,0.5714285714,0.8585690516,0.3333333333
1,3,0,2,0.4234234234,1,0.8108108108,0.8,0,0.5714285714,0.7928452579,0.5
3,4,1,3,0.8288288288,0.25,0.9336609337,0,0,0,0.8319467554,0.75
3,4,1,0,0.7567567568,0,0.9336609337,0.8,0,0.5714285714,0.4084858569,1
1,3,0,0,0.4054054054,0,0.9336609337,0.8,0,0.5714285714,0.6780366057,0.5
1,3,0,1,0.5378378378,1,0.8108108108,0.8,0,0.5714285714,0.7828618968,0.75
1,3,0,1,0.5585585586,0.375,0.8108108108,0.8,0,0.5714285714,0.8344425957,0.3333333333
2,1,0,3,0.5495495495,1,0.9336609337,0,0,0,0.4351081531,1
4,2,0,2,0.4684684685,0.375,0.9336609337,0.8,0,0.5714285714,0.6946755408,0.5
7,4,1,4,0.6846846847,0.1875,0.9336609337,0,1,1,0.4076539101,0.5
5,2,1,3,0.3603603604,1,0.9336609337,0.8,0,0.5714285714,0.4359400998,0.5
1,3,0,1,0.3693693694,0.375,0.9336609337,0.8,0,0.5714285714,0.4159733777,1
2,1,0,3,0.5945945946,0.25,0.9336609337,0,0,0,0.6281198003,1
4,2,1,3,0.4324324324,0.625,1,0.8,0,0.5714285714,0.428452579,0.5
2,1,0,0,0.6126126126,0,0.9336609337,0,0,0,0.6805324459,0.3333333333
1,3,0,1,0.3963963964,1,0.9336609337,0.8,0,0.5714285714,0.4342762063,0.5
2,1,0,0,0.6126126126,0,0.9336609337,0,0,0,0.4509151414,0.5
5,2,1,1,0.5045045045,0.25,0.9336609337,0.8,0,0.5714285714,0.765391015,0.75
2,1,0,1,0.9279279279,0.375,0.8108108108,0.8,0,0.5714285714,0.8053244592,0.5
1,3,0,4,0.4684684685,0.1875,0.9336609337,0.8,0,0.5714285714,0.8036605657,0.5
4,2,1,4,0.4324324324,0.1875,1,0.8,0,0.5714285714,0.391014975,1
4,2,0,4,0.4144144144,0.25,0.9336609337,1,0,0.7142857143,0.4159733777,1
4,2,0,1,0.8918918919,0.375,0.8108108108,0.8,0,0.5714285714,0.8377703827,0.5
1,3,0,0,0.6306306306,0,0.8108108108,0.8,0,0.5714285714,0.7928452579,0.5
1,3,0,4,0.3963963964,0.375,0.9336609337,0.8,0,0.5714285714,0.6430948419,0.3333333333
5,2,1,0,0.5315315315,0,0.9336609337,0.8,0,0.5714285714,0.4259567388,1
1,3,0,1,0.5378378378,1,0.8108108108,0.8,0,0.5714285714,0.68718802,0.3333333333
3,4,1,4,0.6576576577,0.1875,1,0.8,0,0.5714285714,0.6980033278,0.5
2,1,0,1,0.9279279279,0.375,0.8108108108,0.8,0,0.5714285714,0.4509151414,1
5,2,1,3,0.4144144144,1,0.9336609337,0.8,0,0.5714285714,0.4484193012,0.5
5,2,1,4,0.4954954955,0.25,0.9336609337,0,0,0,0.7920133111,0.5
4,2,1,4,0.4324324324,0.1875,1,0.8,0,0.5714285714,0.4126455907,0.5
3,4,1,0,0.6576576577,0,1,0.8,0,0.5714285714,0.4159733777,1
2,1,0,0,0.9279279279,0,0.8108108108,0.8,0,0.5714285714,0.7138103161,0.5
5,2,1,0,0.5315315315,0,0.9336609337,0.8,0,0.5714285714,0.7013311148,0.5
2,1,0,2,0.4774774775,0.375,0.9336609337,0.8,0,0.5714285714,0.4259567388,0.5
4,2,0,1,0.3963963964,1,0.9336609337,0.8,0,0.5714285714,0.4450915141,1
7,4,1,1,0.6036036036,1,0.9336609337,0,1,1,0.6655574043,0.5
7,4,1,4,0.6576576577,0.1875,0.9336609337,0,0,0,0.6946755408,0.375
1,3,0,4,0.6486486486,0.375,0.8108108108,0.8,0,0.5714285714,0.8202995008,0.5
1,3,0,4,0.4684684685,0.1875,0.9336609337,0.8,0,0.5714285714,0.3968386023,0.5
5,2,1,0,0.4414414414,0,0.9336609337,0.8,0,0.5714285714,0.4226289517,0.5
5,2,1,4,0.4864864865,0.25,0.9336609337,0.8,0,0.5714285714,0.7562396007,0.5
4,2,0,1,0.4684684685,1,0.9336609337,0,0,0,0.5906821963,1
4,2,0,1,0.4234234234,0.25,0.9336609337,1,0,0.7142857143,0.6439267887,0.5
3,4,1,3,0.7387387387,0.625,0.9336609337,0,0,0,0.8801996672,0.3333333333
5,2,1,0,0.5495495495,0,0.9336609337,0.8,0,0.5714285714,0.6663893511,0.3333333333
1,3,0,4,0.6846846847,0.1875,0.8108108108,0.8,0,0.5714285714,0.4168053245,1
4,2,0,2,0.6846846847,1,0.8108108108,0.8,0,0.5714285714,0.6896838602,0.5
1,3,0,1,0.5585585586,0.375,0.8108108108,0.8,0,0.5714285714,0.6722129784,0.5
5,2,1,3,0.4684684685,0.625,0.9336609337,0.8,0,0.5714285714,0.7595673877,0.5
7,4,1,4,0.6846846847,0.1875,0.9336609337,1,0,0.7142857143,0.6697171381,0.5
4,2,1,3,0.4324324324,0.25,1,0.8,0,0.5714285714,0.5990016639,1
1,3,0,4,0.3963963964,0.375,0.9336609337,0.8,0,0.5714285714,0.3935108153,0.75
3,4,1,1,0.6216216216,1,1,0.8,0,0.5714285714,0.4359400998,0.5
2,1,0,4,0.5225225225,0.1875,0.9336609337,0.8,0,0.5714285714,0.4359400998,1
2,1,0,2,0.4774774775,0.375,0.9336609337,0.8,0,0.5714285714,0.7554076539,0.3333333333
4,2,0,1,0.8918918919,0.375,0.8108108108,0.8,0,0.5714285714,0.4675540765,1
5,2,1,3,0.5315315315,0.25,0.9336609337,0.8,0,0.5714285714,0.6589018303,0.3333333333
7,4,1,0,0.7027027027,0,0.9336609337,0,0.7142857143,0.7142857143,0.6048252912,1
4,2,0,1,0.5135135135,0.375,0.9336609337,0.8,0,0.5714285714,0.4492512479,0.75
4,2,0,2,0.6846846847,1,0.8108108108,0.8,0,0.5714285714,0.8444259567,0.3333333333
4,2,0,3,0.4684684685,0.25,0.9336609337,0,0,0,0.7096505824,0.5
1,3,0,4,0.6486486486,0.375,0.8108108108,0.8,0,0.5714285714,0.7828618968,0.75
1,3,0,2,0.5405405405,0.375,0.8108108108,0.8,0,0.5714285714,0.8277870216,0.3333333333
8,1,1,3,0.2882882883,0.25,0.9336609337,0.8,0,0.5714285714,0.4475873544,1
4,2,1,3,0.4324324324,0.25,1,0.8,0,0.5714285714,0.4093178037,1
2,1,0,0,0.5225225225,0,0.9336609337,0.8,0,0.5714285714,0.7612312812,0.75
6,4,1,3,0.5675675676,0.625,0.9336609337,0.8,0,0.5714285714,0.4068219634,1
7,4,1,3,0.7027027027,0.25,0.9336609337,0,0,0,0.6996672213,0.375
1,3,0,4,0.6846846847,0.1875,0.8108108108,0.8,0,0.5714285714,0.4367720466,0.75
4,2,0,1,0.5135135135,0.375,0.9336609337,0.8,0,0.5714285714,0.6763727121,0.3333333333
5,2,1,3,0.5405405405,1,0.9336609337,0.8,0,0.5714285714,0.7021630616,0.5
5,2,1,0,0.5315315315,0,0.9336609337,0.8,0,0.5714285714,0.46921797,0.5
4,2,0,1,0.3963963964,1,0.9336609337,0.8,0,0.5714285714,0.6888519135,0.3333333333
6,4,1,3,0.5135135135,1,0.9336609337,0.8,0,0.5714285714,0.4276206323,0.3333333333
2,1,0,0,0.8828828829,0,0.8108108108,0.8,0,0.5714285714,0.8668885191,0.3333333333
2,1,0,4,0.5225225225,0.1875,0.9336609337,0.8,0,0.5714285714,0.418469218,0.5
5,2,1,3,0.4054054054,0.25,0.9336609337,0.8,0,0.5714285714,0.4359400998,1
7,4,1,3,0.6576576577,0.625,0.9336609337,1,0,0.7142857143,0.3643926789,1
6,4,1,3,0.5675675676,0.625,0.9336609337,0.8,0,0.5714285714,0.428452579,0.3333333333
1,3,0,2,0.2477477477,1,0.9336609337,0.8,0,0.5714285714,0.6805324459,0.5
